patient,canonical_file_name,event_id,seizure_number,raw_file_name,registration_start_raw,registration_end_raw,registration_start_effective_raw,registration_end_effective_raw,registration_inherited,seizure_start_raw,seizure_end_raw,edf_start_date,edf_start_time,timing_reference,registration_discrepancy_s,source_clock_onset_relative_s,source_registration_end_relative_s,registration_end_discrepancy_s,onset_relative_s,offset_relative_s_raw,offset_relative_s_canonical,onset_type,clinical_onset_s,electrographic_onset_s,onset_candidates_json,offset_candidates_json,proposed_offset_raw,proposed_offset_s,proposal_verified,uncertainty_flag,uncertain_intervals_json,primary_eligible,eligibility_status,exclusion_reason,decision_reason,interval_convention,edf_duration_s,source_path,source_sha256,policy_version
PN00,PN00-1.edf,PN00-1,1,PN00-1.edf,19.39.33,20.22.58,19.39.33,20.22.58,False,19.58.36,19.59.46,01.01.16,19.39.33,EDF header,0,1143,2605,-20.0,1143,1213,1213,unspecified,,,"[{""raw_clock"": ""19.58.36"", ""clock_s"": 71916, ""kind"": ""unspecified"", ""relative_s"": 1143, ""day_offset_from_edf_start"": 0}]","[{""raw_clock"": ""19.59.46"", ""clock_s"": 71986, ""kind"": ""unspecified"", ""relative_s"": 1213, ""day_offset_from_edf_start"": 0}]",,,,False,[],True,primary_eligible,,Source registration end differs from sample-derived EDF end by -20 s; EDF duration retained,"[onset, offset)",2625.0,data/raw/siena-scalp-eeg-1.0.0/PN00/Seizures-list-PN00.txt,a5bf9d78e67d4ef6f640e06b443e409ea724e8a7da7c318b40bae476cf150d43,siena-phase1-v1-header-clock-half-open-quarantine-PN00-3
PN00,PN00-2.edf,PN00-2,2,PN00-2.edf,02.18.17,02.56.19,02.18.17,02.56.19,False,02.38.37,02.39.31,01.01.16,02.18.17,EDF header,0,1220,2282,-20.0,1220,1274,1274,unspecified,,,"[{""raw_clock"": ""02.38.37"", ""clock_s"": 9517, ""kind"": ""unspecified"", ""relative_s"": 1220, ""day_offset_from_edf_start"": 0}]","[{""raw_clock"": ""02.39.31"", ""clock_s"": 9571, ""kind"": ""unspecified"", ""relative_s"": 1274, ""day_offset_from_edf_start"": 0}]",,,,False,[],True,primary_eligible,,Source registration end differs from sample-derived EDF end by -20 s; EDF duration retained,"[onset, offset)",2302.0,data/raw/siena-scalp-eeg-1.0.0/PN00/Seizures-list-PN00.txt,a5bf9d78e67d4ef6f640e06b443e409ea724e8a7da7c318b40bae476cf150d43,siena-phase1-v1-header-clock-half-open-quarantine-PN00-3
PN00,PN00-3.edf,PN00-3,3,PN00-3.edf,18.15.44,18.57.13,18.15.44,18.57.13,False,18.28.29,19.29.29,01.01.16,18.15.44,EDF header,0,765,2489,-20.0,765,4425,,unspecified,,,"[{""raw_clock"": ""18.28.29"", ""clock_s"": 66509, ""kind"": ""unspecified"", ""relative_s"": 765, ""day_offset_from_edf_start"": 0}]","[{""raw_clock"": ""19.29.29"", ""clock_s"": 70169, ""kind"": ""unspecified"", ""relative_s"": 4425, ""day_offset_from_edf_start"": 0}]",18.29.29,825,False,True,"[[0, 2509.0]]",False,quarantined,Unverified out-of-EDF source end; entire parent quarantined,Source registration end differs from sample-derived EDF end by -20 s; EDF duration retained; 18.29.29 / 825 s is an unverified proposal only; no traceable correction source,"[onset, offset)",2509.0,data/raw/siena-scalp-eeg-1.0.0/PN00/Seizures-list-PN00.txt,a5bf9d78e67d4ef6f640e06b443e409ea724e8a7da7c318b40bae476cf150d43,siena-phase1-v1-header-clock-half-open-quarantine-PN00-3
PN00,PN00-4.edf,PN00-4,4,PN00-4.edf,20.51.43,21.26.25,20.51.43,21.26.25,False,21.08.29,21.09.43,01.01.16,20.51.43,EDF header,0,1006,2082,-20.0,1006,1080,1080,unspecified,,,"[{""raw_clock"": ""21.08.29"", ""clock_s"": 76109, ""kind"": ""unspecified"", ""relative_s"": 1006, ""day_offset_from_edf_start"": 0}]","[{""raw_clock"": ""21.09.43"", ""clock_s"": 76183, ""kind"": ""unspecified"", ""relative_s"": 1080, ""day_offset_from_edf_start"": 0}]",,,,False,[],True,primary_eligible,,Source registration end differs from sample-derived EDF end by -20 s; EDF duration retained,"[onset, offset)",2102.0,data/raw/siena-scalp-eeg-1.0.0/PN00/Seizures-list-PN00.txt,a5bf9d78e67d4ef6f640e06b443e409ea724e8a7da7c318b40bae476cf150d43,siena-phase1-v1-header-clock-half-open-quarantine-PN00-3
PN00,PN00-5.edf,PN00-5,5,PN00-5.edf,22.22.04,22.57.27,22.22.04,22.57.27,False,22.37.08,22.38.15,01.01.16,22.22.04,EDF header,0,904,2123,-20.0,904,971,971,unspecified,,,"[{""raw_clock"": ""22.37.08"", ""clock_s"": 81428, ""kind"": ""unspecified"", ""relative_s"": 904, ""day_offset_from_edf_start"": 0}]","[{""raw_clock"": ""22.38.15"", ""clock_s"": 81495, ""kind"": ""unspecified"", ""relative_s"": 971, ""day_offset_from_edf_start"": 0}]",,,,False,[],True,primary_eligible,,Source registration end differs from sample-derived EDF end by -20 s; EDF duration retained,"[onset, offset)",2143.0,data/raw/siena-scalp-eeg-1.0.0/PN00/Seizures-list-PN00.txt,a5bf9d78e67d4ef6f640e06b443e409ea724e8a7da7c318b40bae476cf150d43,siena-phase1-v1-header-clock-half-open-quarantine-PN00-3
PN06,PN06-1.edf,PN06-1,1,PNO6-1.edf,04.21.22,07.01.37,04.21.22,07.01.37,False,05.54.25,05.55.29,01.01.16,04.21.22,EDF header,0,5583,9615,0.0,5583,5647,5647,unspecified,,,"[{""raw_clock"": ""05.54.25"", ""clock_s"": 21265, ""kind"": ""unspecified"", ""relative_s"": 5583, ""day_offset_from_edf_start"": 0}]","[{""raw_clock"": ""05.55.29"", ""clock_s"": 21329, ""kind"": ""unspecified"", ""relative_s"": 5647, ""day_offset_from_edf_start"": 0}]",,,,False,[],True,primary_eligible,,Single documented reference; EDF-header alignment,"[onset, offset)",9615.0,data/raw/siena-scalp-eeg-1.0.0/PN06/Seizures-list-PN06.txt,27209f2723df6c3708242aa2eeba7f0d6d9b2bccae0ad374e0383fef0edfbd90,siena-phase1-v1-header-clock-half-open-quarantine-PN00-3
PN06,PN06-2.edf,PN06-2,2,PNO6-2.edf,21.11.29,00.41.49,21.11.29,00.41.49,False,23.39.09,23.40.18,01.01.16,21.11.29,EDF header,0,8860,12620,0.0,8860,8929,8929,unspecified,,,"[{""raw_clock"": ""23.39.09"", ""clock_s"": 85149, ""kind"": ""unspecified"", ""relative_s"": 8860, ""day_offset_from_edf_start"": 0}]","[{""raw_clock"": ""23.40.18"", ""clock_s"": 85218, ""kind"": ""unspecified"", ""relative_s"": 8929, ""day_offset_from_edf_start"": 0}]",,,,False,[],True,primary_eligible,,Single documented reference; EDF-header alignment,"[onset, offset)",12620.0,data/raw/siena-scalp-eeg-1.0.0/PN06/Seizures-list-PN06.txt,27209f2723df6c3708242aa2eeba7f0d6d9b2bccae0ad374e0383fef0edfbd90,siena-phase1-v1-header-clock-half-open-quarantine-PN00-3
PN06,PN06-3.edf,PN06-3,3,PN06-3.edf,06.25.51,08.41.51,06.25.51,08.41.51,False,08.10.26,08.11.08,01.01.16,06.25.51,EDF header,0,6275,8160,-20.0,6275,6317,6317,unspecified,,,"[{""raw_clock"": ""08.10.26"", ""clock_s"": 29426, ""kind"": ""unspecified"", ""relative_s"": 6275, ""day_offset_from_edf_start"": 0}]","[{""raw_clock"": ""08.11.08"", ""clock_s"": 29468, ""kind"": ""unspecified"", ""relative_s"": 6317, ""day_offset_from_edf_start"": 0}]",,,,False,[],True,primary_eligible,,Source registration end differs from sample-derived EDF end by -20 s; EDF duration retained,"[onset, offset)",8180.0,data/raw/siena-scalp-eeg-1.0.0/PN06/Seizures-list-PN06.txt,27209f2723df6c3708242aa2eeba7f0d6d9b2bccae0ad374e0383fef0edfbd90,siena-phase1-v1-header-clock-half-open-quarantine-PN00-3
PN06,PN06-4.edf,PN06-4,4,PNO6-4.edf,11.16.09,13.12.54,11.16.09,13.12.54,False,12.55.08,12.56.11,01.01.16,11.16.09,EDF header,0,5939,7005,-20.0,5939,6002,6002,unspecified,,,"[{""raw_clock"": ""12.55.08"", ""clock_s"": 46508, ""kind"": ""unspecified"", ""relative_s"": 5939, ""day_offset_from_edf_start"": 0}]","[{""raw_clock"": ""12.56.11"", ""clock_s"": 46571, ""kind"": ""unspecified"", ""relative_s"": 6002, ""day_offset_from_edf_start"": 0}]",,,,False,[],True,primary_eligible,,Source registration end differs from sample-derived EDF end by -20 s; EDF duration retained,"[onset, offset)",7025.0,data/raw/siena-scalp-eeg-1.0.0/PN06/Seizures-list-PN06.txt,27209f2723df6c3708242aa2eeba7f0d6d9b2bccae0ad374e0383fef0edfbd90,siena-phase1-v1-header-clock-half-open-quarantine-PN00-3
PN06,PN06-5.edf,PN06-5,5,PN06-5.edf,13.24.41,15.04.43,13.24.41,15.04.43,False,14.44.24,14.45.08,01.01.16,13.24.41,EDF header,0,4783,6002,-20.0,4783,4827,4827,unspecified,,,"[{""raw_clock"": ""14.44.24"", ""clock_s"": 53064, ""kind"": ""unspecified"", ""relative_s"": 4783, ""day_offset_from_edf_start"": 0}]","[{""raw_clock"": ""14.45.08"", ""clock_s"": 53108, ""kind"": ""unspecified"", ""relative_s"": 4827, ""day_offset_from_edf_start"": 0}]",,,,False,[],True,primary_eligible,,Source registration end differs from sample-derived EDF end by -20 s; EDF duration retained,"[onset, offset)",6022.0,data/raw/siena-scalp-eeg-1.0.0/PN06/Seizures-list-PN06.txt,27209f2723df6c3708242aa2eeba7f0d6d9b2bccae0ad374e0383fef0edfbd90,siena-phase1-v1-header-clock-half-open-quarantine-PN00-3
PN10,PN10-1.edf,PN10-1,1,PN10-1.edf,05.40.05,08.26.07,05.40.05,08.26.07,False,07.45.50,07.46.59,01.01.17,05.40.05,EDF header,0,7545,9962,-20.0,7545,7614,7614,unspecified,,,"[{""raw_clock"": ""07.45.50"", ""clock_s"": 27950, ""kind"": ""unspecified"", ""relative_s"": 7545, ""day_offset_from_edf_start"": 0}]","[{""raw_clock"": ""07.46.59"", ""clock_s"": 28019, ""kind"": ""unspecified"", ""relative_s"": 7614, ""day_offset_from_edf_start"": 0}]",,,,False,[],True,primary_eligible,,Source registration end differs from sample-derived EDF end by -20 s; EDF duration retained,"[onset, offset)",9982.0,data/raw/siena-scalp-eeg-1.0.0/PN10/Seizures-list-PN10.txt,092b05e6d555a304cf8349f118925697fbc666221858b69e5f8f5172cc833e93,siena-phase1-v1-header-clock-half-open-quarantine-PN00-3
PN10,PN10-2.edf,PN10-2,2,PN10-2.edf,09.30.15,11.52.29,09.30.15,11.52.29,False,11.40.13,11.41.04 opure 11.40.43,01.01.17,09.30.15,EDF header,0,7798,8534,-20.0,7798,7849,7828,unspecified,,,"[{""raw_clock"": ""11.40.13"", ""clock_s"": 42013, ""kind"": ""unspecified"", ""relative_s"": 7798, ""day_offset_from_edf_start"": 0}]","[{""raw_clock"": ""11.41.04"", ""clock_s"": 42064, ""kind"": ""unspecified"", ""relative_s"": 7849, ""day_offset_from_edf_start"": 0}, {""raw_clock"": ""11.40.43"", ""clock_s"": 42043, ""kind"": ""unspecified"", ""relative_s"": 7828, ""day_offset_from_edf_start"": 0}]",,,,True,"[[7828, 7849]]",True,primary_eligible,,"Source registration end differs from sample-derived EDF end by -20 s; EDF duration retained; Conservative shorter end; candidate tail is annotation-uncertain, never ordinary negative","[onset, offset)",8554.0,data/raw/siena-scalp-eeg-1.0.0/PN10/Seizures-list-PN10.txt,092b05e6d555a304cf8349f118925697fbc666221858b69e5f8f5172cc833e93,siena-phase1-v1-header-clock-half-open-quarantine-PN00-3
PN10,PN10-3.edf,PN10-3,3,PN10-3.edf,13.33.18,15.58.31,13.33.18,15.58.31,False,15.43.53 (CLINICAL ONSET); 15.43.59 (ELECTRIC ONSET),15.45.02,01.01.17,13.33.18,EDF header,0,7835,8713,0.0,7835,7904,7904,clinical,7835,7841,"[{""raw_clock"": ""15.43.53"", ""clock_s"": 56633, ""kind"": ""clinical"", ""relative_s"": 7835, ""day_offset_from_edf_start"": 0}, {""raw_clock"": ""15.43.59"", ""clock_s"": 56639, ""kind"": ""electrographic"", ""relative_s"": 7841, ""day_offset_from_edf_start"": 0}]","[{""raw_clock"": ""15.45.02"", ""clock_s"": 56702, ""kind"": ""unspecified"", ""relative_s"": 7904, ""day_offset_from_edf_start"": 0}]",,,,True,"[[7835, 7841]]",True,primary_eligible,,Clinical onset is primary documented reference; interval before electrographic onset remains uncertain,"[onset, offset)",8713.0,data/raw/siena-scalp-eeg-1.0.0/PN10/Seizures-list-PN10.txt,092b05e6d555a304cf8349f118925697fbc666221858b69e5f8f5172cc833e93,siena-phase1-v1-header-clock-half-open-quarantine-PN00-3
PN10,PN10-4.5.6.edf,PN10-4,4,PN10-4.5.6.edf,12.11.21,16.48.49,12.11.21,16.48.49,False,12.49.50,12.49.55,01.01.17,12.11.21,EDF header,0,2309,16648,0.0,2309,2314,2314,unspecified,,,"[{""raw_clock"": ""12.49.50"", ""clock_s"": 46190, ""kind"": ""unspecified"", ""relative_s"": 2309, ""day_offset_from_edf_start"": 0}]","[{""raw_clock"": ""12.49.55"", ""clock_s"": 46195, ""kind"": ""unspecified"", ""relative_s"": 2314, ""day_offset_from_edf_start"": 0}]",,,,False,[],True,primary_eligible,,Single documented reference; EDF-header alignment,"[onset, offset)",16648.0,data/raw/siena-scalp-eeg-1.0.0/PN10/Seizures-list-PN10.txt,092b05e6d555a304cf8349f118925697fbc666221858b69e5f8f5172cc833e93,siena-phase1-v1-header-clock-half-open-quarantine-PN00-3
PN10,PN10-4.5.6.edf,PN10-5,5,PN10-4.5.6.edf,12.11.21,16.48.49,12.11.21,16.48.49,False,14.00.25,14.00.44,01.01.17,12.11.21,EDF header,0,6544,16648,0.0,6544,6563,6563,unspecified,,,"[{""raw_clock"": ""14.00.25"", ""clock_s"": 50425, ""kind"": ""unspecified"", ""relative_s"": 6544, ""day_offset_from_edf_start"": 0}]","[{""raw_clock"": ""14.00.44"", ""clock_s"": 50444, ""kind"": ""unspecified"", ""relative_s"": 6563, ""day_offset_from_edf_start"": 0}]",,,,False,[],True,primary_eligible,,Single documented reference; EDF-header alignment,"[onset, offset)",16648.0,data/raw/siena-scalp-eeg-1.0.0/PN10/Seizures-list-PN10.txt,092b05e6d555a304cf8349f118925697fbc666221858b69e5f8f5172cc833e93,siena-phase1-v1-header-clock-half-open-quarantine-PN00-3
PN10,PN10-4.5.6.edf,PN10-6,6,PN10-4.5.6.edf,12.11.21,16.48.49,12.11.21,16.48.49,False,15.18.26 (CLINICAL ONSET),15.19.23,01.01.17,12.11.21,EDF header,0,11225,16648,0.0,11225,11282,11282,clinical,11225,,"[{""raw_clock"": ""15.18.26"", ""clock_s"": 55106, ""kind"": ""clinical"", ""relative_s"": 11225, ""day_offset_from_edf_start"": 0}]","[{""raw_clock"": ""15.19.23"", ""clock_s"": 55163, ""kind"": ""unspecified"", ""relative_s"": 11282, ""day_offset_from_edf_start"": 0}]",,,,False,[],True,primary_eligible,,Clinical-only reference; electrographic onset not supplied,"[onset, offset)",16648.0,data/raw/siena-scalp-eeg-1.0.0/PN10/Seizures-list-PN10.txt,092b05e6d555a304cf8349f118925697fbc666221858b69e5f8f5172cc833e93,siena-phase1-v1-header-clock-half-open-quarantine-PN00-3
PN10,PN10-7.8.9.edf,PN10-7,7,PN10-7.8.9.edf,1 6.49.25,20.58.40,1 6.49.25,20.58.40,False,17.35.13,17.36.01,01.01.17,16.49.25,EDF header,0,2748,14955,0.0,2748,2796,2796,unspecified,,,"[{""raw_clock"": ""17.35.13"", ""clock_s"": 63313, ""kind"": ""unspecified"", ""relative_s"": 2748, ""day_offset_from_edf_start"": 0}]","[{""raw_clock"": ""17.36.01"", ""clock_s"": 63361, ""kind"": ""unspecified"", ""relative_s"": 2796, ""day_offset_from_edf_start"": 0}]",,,,False,[],True,primary_eligible,,Source registration typo '1 6.49.25' normalized to '16.49.25',"[onset, offset)",14955.0,data/raw/siena-scalp-eeg-1.0.0/PN10/Seizures-list-PN10.txt,092b05e6d555a304cf8349f118925697fbc666221858b69e5f8f5172cc833e93,siena-phase1-v1-header-clock-half-open-quarantine-PN00-3
PN10,PN10-7.8.9.edf,PN10-8,8,PN10-7.8.9.edf,16.49.25,20.58.40,16.49.25,20.58.40,False,18.20.24,18.20.42,01.01.17,16.49.25,EDF header,0,5459,14955,0.0,5459,5477,5477,unspecified,,,"[{""raw_clock"": ""18.20.24"", ""clock_s"": 66024, ""kind"": ""unspecified"", ""relative_s"": 5459, ""day_offset_from_edf_start"": 0}]","[{""raw_clock"": ""18.20.42"", ""clock_s"": 66042, ""kind"": ""unspecified"", ""relative_s"": 5477, ""day_offset_from_edf_start"": 0}]",,,,False,[],True,primary_eligible,,Single documented reference; EDF-header alignment,"[onset, offset)",14955.0,data/raw/siena-scalp-eeg-1.0.0/PN10/Seizures-list-PN10.txt,092b05e6d555a304cf8349f118925697fbc666221858b69e5f8f5172cc833e93,siena-phase1-v1-header-clock-half-open-quarantine-PN00-3
PN10,PN10-7.8.9.edf,PN10-9,9,PN10-7.8.9.edf,16.49.25,20.58.40,16.49.25,20.58.40,False,20.24.48,20.25.03,01.01.17,16.49.25,EDF header,0,12923,14955,0.0,12923,12938,12938,unspecified,,,"[{""raw_clock"": ""20.24.48"", ""clock_s"": 73488, ""kind"": ""unspecified"", ""relative_s"": 12923, ""day_offset_from_edf_start"": 0}]","[{""raw_clock"": ""20.25.03"", ""clock_s"": 73503, ""kind"": ""unspecified"", ""relative_s"": 12938, ""day_offset_from_edf_start"": 0}]",,,,False,[],True,primary_eligible,,Single documented reference; EDF-header alignment,"[onset, offset)",14955.0,data/raw/siena-scalp-eeg-1.0.0/PN10/Seizures-list-PN10.txt,092b05e6d555a304cf8349f118925697fbc666221858b69e5f8f5172cc833e93,siena-phase1-v1-header-clock-half-open-quarantine-PN00-3
PN10,PN10-10.edf,PN10-10,10,PN10-10.edf,08.45.22,11.08.07,08.45.22,11.08.07,False,10.58.19,10.58.33,01.01.17,08.45.22,EDF header,0,7977,8565,0.0,7977,7991,7991,unspecified,,,"[{""raw_clock"": ""10.58.19"", ""clock_s"": 39499, ""kind"": ""unspecified"", ""relative_s"": 7977, ""day_offset_from_edf_start"": 0}]","[{""raw_clock"": ""10.58.33"", ""clock_s"": 39513, ""kind"": ""unspecified"", ""relative_s"": 7991, ""day_offset_from_edf_start"": 0}]",,,,False,[],True,primary_eligible,,Single documented reference; EDF-header alignment,"[onset, offset)",8565.0,data/raw/siena-scalp-eeg-1.0.0/PN10/Seizures-list-PN10.txt,092b05e6d555a304cf8349f118925697fbc666221858b69e5f8f5172cc833e93,siena-phase1-v1-header-clock-half-open-quarantine-PN00-3
PN12,PN12-1.2.edf,PN12-1,1,PN12-1.2.edf,15.51.31,18.34.25,15.51.31,18.34.25,False,16:13.23,16.14.26,01.01.17,15.51.31,EDF header,0,1312,9774,0.0,1312,1375,1375,unspecified,,,"[{""raw_clock"": ""16:13.23"", ""clock_s"": 58403, ""kind"": ""unspecified"", ""relative_s"": 1312, ""day_offset_from_edf_start"": 0}]","[{""raw_clock"": ""16.14.26"", ""clock_s"": 58466, ""kind"": ""unspecified"", ""relative_s"": 1375, ""day_offset_from_edf_start"": 0}]",,,,False,[],True,primary_eligible,,Single documented reference; EDF-header alignment,"[onset, offset)",9774.0,data/raw/siena-scalp-eeg-1.0.0/PN12/Seizures-list-PN12.txt,eeb788827cf12d293d3558f4649a615fb99508eed1dec17d919c8b38c1b64b7f,siena-phase1-v1-header-clock-half-open-quarantine-PN00-3
PN12,PN12-1.2.edf,PN12-2,2,PN12-1.2.edf,,,15.51.31,18.34.25,True,18.31.01,18.32.09,01.01.17,15.51.31,EDF header,0,9570,9774,0.0,9570,9638,9638,unspecified,,,"[{""raw_clock"": ""18.31.01"", ""clock_s"": 66661, ""kind"": ""unspecified"", ""relative_s"": 9570, ""day_offset_from_edf_start"": 0}]","[{""raw_clock"": ""18.32.09"", ""clock_s"": 66729, ""kind"": ""unspecified"", ""relative_s"": 9638, ""day_offset_from_edf_start"": 0}]",,,,False,[],True,primary_eligible,,Single documented reference; EDF-header alignment,"[onset, offset)",9774.0,data/raw/siena-scalp-eeg-1.0.0/PN12/Seizures-list-PN12.txt,eeb788827cf12d293d3558f4649a615fb99508eed1dec17d919c8b38c1b64b7f,siena-phase1-v1-header-clock-half-open-quarantine-PN00-3
PN12,PN12-3.edf,PN12-3,3,PN12-3.edf,08.42.35,09.15.44,08.42.35,09.15.44,False,08.55.27,08.57.03,01.01.17,08.42.35,EDF header,0,772,1989,0.0,772,868,868,unspecified,,,"[{""raw_clock"": ""08.55.27"", ""clock_s"": 32127, ""kind"": ""unspecified"", ""relative_s"": 772, ""day_offset_from_edf_start"": 0}]","[{""raw_clock"": ""08.57.03"", ""clock_s"": 32223, ""kind"": ""unspecified"", ""relative_s"": 868, ""day_offset_from_edf_start"": 0}]",,,,False,[],True,primary_eligible,,Single documented reference; EDF-header alignment,"[onset, offset)",1989.0,data/raw/siena-scalp-eeg-1.0.0/PN12/Seizures-list-PN12.txt,eeb788827cf12d293d3558f4649a615fb99508eed1dec17d919c8b38c1b64b7f,siena-phase1-v1-header-clock-half-open-quarantine-PN00-3
PN12,PN12-4.edf,PN12-4,4,PN12-4.edf,15.59.19,18.49.13,15.59.19,18.49.13,False,18.42.51,18.43.54,01.01.17,15.59.19,EDF header,0,9812,10194,0.0,9812,9875,9875,unspecified,,,"[{""raw_clock"": ""18.42.51"", ""clock_s"": 67371, ""kind"": ""unspecified"", ""relative_s"": 9812, ""day_offset_from_edf_start"": 0}]","[{""raw_clock"": ""18.43.54"", ""clock_s"": 67434, ""kind"": ""unspecified"", ""relative_s"": 9875, ""day_offset_from_edf_start"": 0}]",,,,False,[],True,primary_eligible,,Single documented reference; EDF-header alignment,"[onset, offset)",10194.0,data/raw/siena-scalp-eeg-1.0.0/PN12/Seizures-list-PN12.txt,eeb788827cf12d293d3558f4649a615fb99508eed1dec17d919c8b38c1b64b7f,siena-phase1-v1-header-clock-half-open-quarantine-PN00-3
PN14,PN14-1.edf,PN14-1,1,PN14-1.edf,11.44.58,13.56.06,11.44.58,13.56.06,False,13.46.00,13.46.27,01.01.17,11.44.58,EDF header,0,7262,7868,0.0,7262,7289,7289,unspecified,,,"[{""raw_clock"": ""13.46.00"", ""clock_s"": 49560, ""kind"": ""unspecified"", ""relative_s"": 7262, ""day_offset_from_edf_start"": 0}]","[{""raw_clock"": ""13.46.27"", ""clock_s"": 49587, ""kind"": ""unspecified"", ""relative_s"": 7289, ""day_offset_from_edf_start"": 0}]",,,,False,[],True,primary_eligible,,Single documented reference; EDF-header alignment,"[onset, offset)",7868.0,data/raw/siena-scalp-eeg-1.0.0/PN14/Seizures-list-PN14.txt,97169ef09cd32669b9242d9d6106b6bd0d5a3dd14f63215c5481932cc62f47f6,siena-phase1-v1-header-clock-half-open-quarantine-PN00-3
PN14,PN14-2.edf,PN14-2,2,PN14-2.edf,15.50.13,18.22.58,15.50.13,18.22.58,False,17.54.52,17.55.04,01.01.17,15.50.13,EDF header,0,7479,9165,0.0,7479,7491,7491,unspecified,,,"[{""raw_clock"": ""17.54.52"", ""clock_s"": 64492, ""kind"": ""unspecified"", ""relative_s"": 7479, ""day_offset_from_edf_start"": 0}]","[{""raw_clock"": ""17.55.04"", ""clock_s"": 64504, ""kind"": ""unspecified"", ""relative_s"": 7491, ""day_offset_from_edf_start"": 0}]",,,,False,[],True,primary_eligible,,Single documented reference; EDF-header alignment,"[onset, offset)",9165.0,data/raw/siena-scalp-eeg-1.0.0/PN14/Seizures-list-PN14.txt,97169ef09cd32669b9242d9d6106b6bd0d5a3dd14f63215c5481932cc62f47f6,siena-phase1-v1-header-clock-half-open-quarantine-PN00-3
PN14,PN14-3.edf,PN14-3,3,PN14-3.edf,16.17.45,06.57.40,16.17.45,06.57.40,False,21.10.05,21.10.46,01.01.17,19.17.45,EDF header,10800,17540,41995,0.0,6740,6781,6781,unspecified,,,"[{""raw_clock"": ""21.10.05"", ""clock_s"": 76205, ""kind"": ""unspecified"", ""relative_s"": 6740, ""day_offset_from_edf_start"": 0}]","[{""raw_clock"": ""21.10.46"", ""clock_s"": 76246, ""kind"": ""unspecified"", ""relative_s"": 6781, ""day_offset_from_edf_start"": 0}]",,,,False,[],True,primary_eligible,,EDF header + sample duration agrees with next-day source end; source start differs by 10800 s,"[onset, offset)",41995.0,data/raw/siena-scalp-eeg-1.0.0/PN14/Seizures-list-PN14.txt,97169ef09cd32669b9242d9d6106b6bd0d5a3dd14f63215c5481932cc62f47f6,siena-phase1-v1-header-clock-half-open-quarantine-PN00-3
PN14,PN14-4.edf,PN14-4,4,PN14-4.edf,14.18.30,18.22.32,14.18.30,18.22.32,False,15.49.33,15.50.56,01.01.17,14.18.30,EDF header,0,5463,14642,0.0,5463,5546,5546,unspecified,,,"[{""raw_clock"": ""15.49.33"", ""clock_s"": 56973, ""kind"": ""unspecified"", ""relative_s"": 5463, ""day_offset_from_edf_start"": 0}]","[{""raw_clock"": ""15.50.56"", ""clock_s"": 57056, ""kind"": ""unspecified"", ""relative_s"": 5546, ""day_offset_from_edf_start"": 0}]",,,,False,[],True,primary_eligible,,Single documented reference; EDF-header alignment,"[onset, offset)",14642.0,data/raw/siena-scalp-eeg-1.0.0/PN14/Seizures-list-PN14.txt,97169ef09cd32669b9242d9d6106b6bd0d5a3dd14f63215c5481932cc62f47f6,siena-phase1-v1-header-clock-half-open-quarantine-PN00-3
