patient,seizure_number,file,seizures_in_same_edf,edf_header_start_time,registration_start_raw,edf_duration_s,seizure_start_raw,seizure_end_raw,seizure_start_offset_s,seizure_end_offset_s,seizure_duration_s,flags
PN00,1,PN00-1.edf,1,19.39.33,19.39.33,2625.0,19.58.36,19.59.46,1143,1213,70,
PN00,2,PN00-2.edf,1,02.18.17,02.18.17,2302.0,02.38.37,02.39.31,1220,1274,54,
PN00,3,PN00-3.edf,1,18.15.44,18.15.44,2509.0,18.28.29,19.29.29,765,4425,3660,seizure_end_after_edf_end
PN00,4,PN00-4.edf,1,20.51.43,20.51.43,2102.0,21.08.29,21.09.43,1006,1080,74,
PN00,5,PN00-5.edf,1,22.22.04,22.22.04,2143.0,22.37.08,22.38.15,904,971,67,
PN06,1,PN06-1.edf,1,04.21.22,04.21.22,9615.0,05.54.25,05.55.29,5583,5647,64,
PN06,2,PN06-2.edf,1,21.11.29,21.11.29,12620.0,23.39.09,23.40.18,8860,8929,69,
PN06,3,PN06-3.edf,1,06.25.51,06.25.51,8180.0,08.10.26,08.11.08,6275,6317,42,
PN06,4,PN06-4.edf,1,11.16.09,11.16.09,7025.0,12.55.08,12.56.11,5939,6002,63,
PN06,5,PN06-5.edf,1,13.24.41,13.24.41,6022.0,14.44.24,14.45.08,4783,4827,44,
PN10,1,PN10-1.edf,1,05.40.05,05.40.05,9982.0,07.45.50,07.46.59,7545,7614,69,
PN10,2,PN10-2.edf,1,09.30.15,09.30.15,8554.0,11.40.13,11.41.04 opure 11.40.43,7798,7849,51,
PN10,3,PN10-3.edf,1,13.33.18,13.33.18,8713.0,15.43.53 (CLINICAL ONSET); 15.43.59 (ELECTRIC ONSET),15.45.02,7835,7904,69,
PN10,4,PN10-4.5.6.edf,3,12.11.21,12.11.21,16648.0,12.49.50,12.49.55,2309,2314,5,
PN10,5,PN10-4.5.6.edf,3,12.11.21,12.11.21,16648.0,14.00.25,14.00.44,6544,6563,19,
PN10,6,PN10-4.5.6.edf,3,12.11.21,12.11.21,16648.0,15.18.26 (CLINICAL ONSET),15.19.23,11225,11282,57,
PN10,7,PN10-7.8.9.edf,3,16.49.25,1 6.49.25,14955.0,17.35.13,17.36.01,2748,2796,48,
PN10,8,PN10-7.8.9.edf,3,16.49.25,16.49.25,14955.0,18.20.24,18.20.42,5459,5477,18,
PN10,9,PN10-7.8.9.edf,3,16.49.25,16.49.25,14955.0,20.24.48,20.25.03,12923,12938,15,
PN10,10,PN10-10.edf,1,08.45.22,08.45.22,8565.0,10.58.19,10.58.33,7977,7991,14,
PN12,1,PN12-1.2.edf,2,15.51.31,15.51.31,9774.0,16:13.23,16.14.26,1312,1375,63,
PN12,2,PN12-1.2.edf,2,15.51.31,,9774.0,18.31.01,18.32.09,9570,9638,68,
PN12,3,PN12-3.edf,1,08.42.35,08.42.35,1989.0,08.55.27,08.57.03,772,868,96,
PN12,4,PN12-4.edf,1,15.59.19,15.59.19,10194.0,18.42.51,18.43.54,9812,9875,63,
PN14,1,PN14-1.edf,1,11.44.58,11.44.58,7868.0,13.46.00,13.46.27,7262,7289,27,
PN14,2,PN14-2.edf,1,15.50.13,15.50.13,9165.0,17.54.52,17.55.04,7479,7491,12,
PN14,3,PN14-3.edf,1,19.17.45,16.17.45,41995.0,21.10.05,21.10.46,6740,6781,41,registration_start_text_disagrees_with_edf_header
PN14,4,PN14-4.edf,1,14.18.30,14.18.30,14642.0,15.49.33,15.50.56,5463,5546,83,
