patient,file,official_ecg,raw_label,fs_hz,segment_start_s,channel_pair_corr,n_peaks,median_hr_bpm,rr_cv,snr_proxy
PN00,PN00-1.edf,EKG 1,1,512.0,1023.0,-0.1491329005756756,76,64.26778242677824,0.3205028368500214,3.2664675077133776
PN00,PN00-1.edf,EKG 2,2,512.0,1023.0,-0.1491329005756756,76,65.36170212765957,0.31594014561194284,8.959200518129807
PN06,PN06-1.edf,EKG 1,1,512.0,5463.0,0.8716435056246233,72,71.44186046511628,0.03703401804072529,7.100023908154485
PN06,PN06-1.edf,EKG 2,2,512.0,5463.0,0.8716435056246233,72,71.60839160839161,0.037131365931760064,7.929112738276246
PN10,PN10-1.edf,EKG 1,1,512.0,7425.0,0.8606012741912176,59,102.05980066445183,0.5734330484612136,3.3811103196686236
PN10,PN10-1.edf,EKG 2,2,512.0,7425.0,0.8606012741912176,67,120.70773506252894,0.6000316513568635,4.515799526083456
PN12,PN12-1.2.edf,EKG 1,1,512.0,1192.0,-0.05083660403277848,69,59.190751445086704,0.287346084110369,3.370685532168401
PN12,PN12-1.2.edf,EKG 2,2,512.0,1192.0,-0.05083660403277848,84,100.72131147540983,0.3749089203054492,5.8181899493885805
PN14,PN14-1.edf,EKG 1,1,512.0,7142.0,0.2847241623470607,83,72.19751449875724,0.2699889808899803,6.326910930576301
PN14,PN14-1.edf,EKG 2,2,512.0,7142.0,0.2847241623470607,80,71.44186046511628,0.23958998765845754,4.431040956509584
