patient,channel_number_1based,official_name,edf_raw_label,edf_index_0based,reference_edf
PN00,1,Fp1,EEG Fp1,0,PN00-1.edf
PN00,2,F3,EEG F3,1,PN00-1.edf
PN00,3,C3,EEG C3,2,PN00-1.edf
PN00,4,P3,EEG P3,3,PN00-1.edf
PN00,5,1,EEG O1,4,PN00-1.edf
PN00,6,F7,EEG F7,5,PN00-1.edf
PN00,7,T3,EEG T3,6,PN00-1.edf
PN00,8,T5,EEG T5,7,PN00-1.edf
PN00,9,Fc1,EEG Fc1,8,PN00-1.edf
PN00,10,Fc5,EEG Fc5,9,PN00-1.edf
PN00,11,Cp1,EEG Cp1,10,PN00-1.edf
PN00,12,Cp5,EEG Cp5,11,PN00-1.edf
PN00,13,F9,EEG F9,12,PN00-1.edf
PN00,14,Fz,EEG Fz,13,PN00-1.edf
PN00,15,Cz,EEG Cz,14,PN00-1.edf
PN00,16,Pz,EEG Pz,15,PN00-1.edf
PN00,17,Fp2,EEG Fp2,16,PN00-1.edf
PN00,18,F4,EEG F4,17,PN00-1.edf
PN00,19,C4,EEG C4,18,PN00-1.edf
PN00,20,P4,EEG P4,19,PN00-1.edf
PN00,21,O2,EEG O2,20,PN00-1.edf
PN00,22,F8,EEG F8,21,PN00-1.edf
PN00,23,T4,EEG T4,22,PN00-1.edf
PN00,24,T6,EEG T6,23,PN00-1.edf
PN00,25,Fc2,EEG Fc2,24,PN00-1.edf
PN00,26,Fc6,EEG Fc6,25,PN00-1.edf
PN00,27,Cp2,EEG Cp2,26,PN00-1.edf
PN00,28,Cp6,EEG Cp6,27,PN00-1.edf
PN00,29,F10,EEG F10,28,PN00-1.edf
PN00,33,EKG 1,1,32,PN00-1.edf
PN00,34,EKG 2,2,33,PN00-1.edf
PN06,1,Fp1,EEG Fp1,0,PN06-1.edf
PN06,2,F3,EEG F3,1,PN06-1.edf
PN06,3,C3,EEG C3,2,PN06-1.edf
PN06,4,P3,EEG P3,3,PN06-1.edf
PN06,5,1,EEG O1,4,PN06-1.edf
PN06,6,F7,EEG F7,5,PN06-1.edf
PN06,7,T3,EEG T3,6,PN06-1.edf
PN06,8,T5,EEG T5,7,PN06-1.edf
PN06,9,Fc1,EEG Fc1,8,PN06-1.edf
PN06,10,Fc5,EEG Fc5,9,PN06-1.edf
PN06,11,Cp1,EEG Cp1,10,PN06-1.edf
PN06,12,Cp5,EEG Cp5,11,PN06-1.edf
PN06,13,F9,EEG F9,12,PN06-1.edf
PN06,14,Fz,EEG Fz,13,PN06-1.edf
PN06,15,Cz,EEG Cz,14,PN06-1.edf
PN06,16,Pz,EEG Pz,15,PN06-1.edf
PN06,17,F4,EEG F4,16,PN06-1.edf
PN06,18,C4,EEG C4,17,PN06-1.edf
PN06,19,P4,EEG P4,18,PN06-1.edf
PN06,20,O2,EEG O2,19,PN06-1.edf
PN06,21,F8,EEG F8,20,PN06-1.edf
PN06,22,T4,EEG T4,21,PN06-1.edf
PN06,23,T6,EEG T6,22,PN06-1.edf
PN06,24,Fc2,EEG Fc2,23,PN06-1.edf
PN06,25,Fc6,EEG Fc6,24,PN06-1.edf
PN06,26,Cp2,EEG Cp2,25,PN06-1.edf
PN06,27,Cp6,EEG Cp6,26,PN06-1.edf
PN06,28,F10,EEG F10,27,PN06-1.edf
PN06,32,EKG 1,1,31,PN06-1.edf
PN06,33,EKG 2,2,32,PN06-1.edf
PN06,34,Fp2,EEG FP2,33,PN06-1.edf
PN10,1,Fp1,EEG Fp1,0,PN10-1.edf
PN10,2,F3,EEG F3,1,PN10-1.edf
PN10,3,C3,EEG C3,2,PN10-1.edf
PN10,4,P3,EEG P3,3,PN10-1.edf
PN10,5,1,EEG O1,4,PN10-1.edf
PN10,6,F7,EEG F7,5,PN10-1.edf
PN10,7,T3,EEG T3,6,PN10-1.edf
PN10,8,T5,EEG T5,7,PN10-1.edf
PN10,14,Fz,EEG Fz,13,PN10-1.edf
PN10,15,Cz,EEG Cz,14,PN10-1.edf
PN10,16,Pz,EEG Pz,15,PN10-1.edf
PN10,17,F4,EEG F4,16,PN10-1.edf
PN10,18,C4,EEG C4,17,PN10-1.edf
PN10,19,P4,EEG P4,18,PN10-1.edf
PN10,20,O2,EEG O2,19,PN10-1.edf
PN10,21,F8,EEG F8,20,PN10-1.edf
PN10,22,T4,EEG T4,21,PN10-1.edf
PN10,23,T6,EEG T6,22,PN10-1.edf
PN10,32,EKG 1,1,31,PN10-1.edf
PN10,33,EKG 2,2,32,PN10-1.edf
PN10,34,Fp2,EEG FP2,33,PN10-1.edf
PN12,1,Fp1,EEG Fp1,0,PN12-1.2.edf
PN12,2,F3,EEG F3,1,PN12-1.2.edf
PN12,3,C3,EEG C3,2,PN12-1.2.edf
PN12,4,P3,EEG P3,3,PN12-1.2.edf
PN12,5,1,EEG O1,4,PN12-1.2.edf
PN12,6,F7,EEG F7,5,PN12-1.2.edf
PN12,7,T3,EEG T3,6,PN12-1.2.edf
PN12,8,T5,EEG T5,7,PN12-1.2.edf
PN12,9,Fc1,EEG Fc1,8,PN12-1.2.edf
PN12,10,Fc5,EEG Fc5,9,PN12-1.2.edf
PN12,11,Cp1,EEG Cp1,10,PN12-1.2.edf
PN12,12,Cp5,EEG Cp5,11,PN12-1.2.edf
PN12,13,F9,EEG F9,12,PN12-1.2.edf
PN12,14,Fz,EEG Fz,13,PN12-1.2.edf
PN12,15,Cz,EEG Cz,14,PN12-1.2.edf
PN12,16,Pz,EEG Pz,15,PN12-1.2.edf
PN12,17,F4,EEG F4,16,PN12-1.2.edf
PN12,18,C4,EEG C4,17,PN12-1.2.edf
PN12,19,P4,EEG P4,18,PN12-1.2.edf
PN12,20,O2,EEG O2,19,PN12-1.2.edf
PN12,21,F8,EEG F8,20,PN12-1.2.edf
PN12,22,T4,EEG T4,21,PN12-1.2.edf
PN12,23,T6,EEG T6,22,PN12-1.2.edf
PN12,24,Fc2,EEG Fc2,23,PN12-1.2.edf
PN12,25,Fc6,EEG Fc6,24,PN12-1.2.edf
PN12,26,Cp2,EEG Cp2,25,PN12-1.2.edf
PN12,27,Cp6,EEG Cp6,26,PN12-1.2.edf
PN12,28,F10,EEG F10,27,PN12-1.2.edf
PN12,32,EKG 1,1,31,PN12-1.2.edf
PN12,33,EKG 2,2,32,PN12-1.2.edf
PN12,34,Fp2,EEG FP2,33,PN12-1.2.edf
PN14,1,Fp1,EEG Fp1,0,PN14-1.edf
PN14,2,F3,EEG F3,1,PN14-1.edf
PN14,3,C3,EEG C3,2,PN14-1.edf
PN14,4,P3,EEG P3,3,PN14-1.edf
PN14,5,1,EEG O1,4,PN14-1.edf
PN14,6,F7,EEG F7,5,PN14-1.edf
PN14,7,T5,EEG T5,6,PN14-1.edf
PN14,8,Fc1,EEG Fc1,7,PN14-1.edf
PN14,9,Fc5,EEG Fc5,8,PN14-1.edf
PN14,10,Cp1,EEG Cp1,9,PN14-1.edf
PN14,11,Cp5,EEG Cp5,10,PN14-1.edf
PN14,12,F9,EEG F9,11,PN14-1.edf
PN14,13,Fz,EEG Fz,12,PN14-1.edf
PN14,14,Pz,EEG Pz,13,PN14-1.edf
PN14,15,F4,EEG F4,14,PN14-1.edf
PN14,16,C4,EEG C4,15,PN14-1.edf
PN14,17,P4,EEG P4,16,PN14-1.edf
PN14,18,O2,EEG O2,17,PN14-1.edf
PN14,19,F8,EEG F8,18,PN14-1.edf
PN14,20,T4,EEG T4,19,PN14-1.edf
PN14,21,T6,EEG T6,20,PN14-1.edf
PN14,22,Fc2,EEG Fc2,21,PN14-1.edf
PN14,23,Fc6,EEG Fc6,22,PN14-1.edf
PN14,24,Cp2,EEG Cp2,23,PN14-1.edf
PN14,25,Cp6,EEG Cp6,24,PN14-1.edf
PN14,26,F10,EEG F10,25,PN14-1.edf
PN14,29,EKG 1,1,28,PN14-1.edf
PN14,30,EKG 2,2,29,PN14-1.edf
PN14,31,Fp2,EEG FP2,30,PN14-1.edf
PN14,39,T3,EEG T3,38,PN14-1.edf
PN14,40,Cz,EEG CZ,39,PN14-1.edf
