test_file,model,n_test,n_positive,n_negative,roc_auc,average_precision,f1_at_0_5,balanced_accuracy_at_0_5
PN00-1.edf,EEG_only,56,14,42,0.9447278911564626,0.9245425549773374,0.88,0.8928571428571428
PN00-1.edf,ECG_only,56,14,42,0.879251700680272,0.674280045351474,0.0,0.5
PN00-1.edf,Early_fusion,56,14,42,0.9506802721088435,0.923271022455805,0.88,0.8928571428571428
PN00-1.edf,Late_fusion_alpha_0.5,56,14,42,0.9336734693877551,0.9044450411743643,0.8333333333333334,0.8571428571428572
PN00-2.edf,EEG_only,44,11,33,0.9834710743801652,0.9516705516705517,0.8695652173913043,0.9242424242424243
PN00-2.edf,ECG_only,44,11,33,0.8980716253443526,0.6911357161357161,0.6956521739130435,0.803030303030303
PN00-2.edf,Early_fusion,44,11,33,0.9889807162534435,0.9649678604224059,0.9565217391304348,0.9848484848484849
PN00-2.edf,Late_fusion_alpha_0.5,44,11,33,0.9834710743801652,0.9606060606060607,0.8695652173913043,0.9242424242424243
PN00-3.edf,EEG_only,52,13,39,0.8777120315581854,0.8052112651616374,0.5294117647058824,0.6923076923076923
PN00-3.edf,ECG_only,52,13,39,0.6725838264299803,0.3331739915125678,0.49056603773584906,0.6538461538461539
PN00-3.edf,Early_fusion,52,13,39,0.8836291913214991,0.8068459077154728,0.631578947368421,0.7948717948717949
PN00-3.edf,Late_fusion_alpha_0.5,52,13,39,0.8540433925049309,0.7128066974462635,0.5531914893617021,0.7307692307692308
PN00-4.edf,EEG_only,60,15,45,0.9837037037037036,0.9610275689223058,0.896551724137931,0.9222222222222223
PN00-4.edf,ECG_only,60,15,45,0.9111111111111111,0.7203726828726829,0.7142857142857143,0.8666666666666667
PN00-4.edf,Early_fusion,60,15,45,0.9822222222222222,0.960952380952381,0.896551724137931,0.9222222222222223
PN00-4.edf,Late_fusion_alpha_0.5,60,15,45,0.9881481481481482,0.9726190476190476,0.9032258064516129,0.9444444444444444
PN00-5.edf,EEG_only,56,14,42,0.9948979591836734,0.9859693877551019,0.88,0.8928571428571428
PN00-5.edf,ECG_only,56,14,42,0.923469387755102,0.7964896534532147,0.42105263157894735,0.6309523809523809
PN00-5.edf,Early_fusion,56,14,42,0.9948979591836735,0.985969387755102,0.88,0.8928571428571428
PN00-5.edf,Late_fusion_alpha_0.5,56,14,42,0.9897959183673469,0.9713435374149659,0.88,0.8928571428571428
