patient,seizure_number,raw_file_name,canonical_file_name,registration_start_raw,registration_end_raw,seizure_start_raw,seizure_end_raw,corrected_end_raw,onset_relative_s,offset_relative_s_raw,offset_relative_s_canonical,duration_s_canonical,edf_duration_s,qa_flags,correction_note
PN00,1,PN00-1.edf,PN00-1.edf,19.39.33,20.22.58,19.58.36,19.59.46,,1143,1213,1213,70,2625.0,,
PN00,2,PN00-2.edf,PN00-2.edf,02.18.17,02.56.19,02.38.37,02.39.31,,1220,1274,1274,54,2302.0,,
PN00,3,PN00-3.edf,PN00-3.edf,18.15.44,18.57.13,18.28.29,19.29.29,18.29.29,765,4425,825,60,2509.0,CORRECTED_END_TIME,PhysioNet raw text says 19.29.29; independent published screenshot of the same Siena annotation shows 18.29.29.
PN00,4,PN00-4.edf,PN00-4.edf,20.51.43,21.26.25,21.08.29,21.09.43,,1006,1080,1080,74,2102.0,,
PN00,5,PN00-5.edf,PN00-5.edf,22.22.04,22.57.27,22.37.08,22.38.15,,904,971,971,67,2143.0,,
PN06,1,PNO6-1.edf,PN06-1.edf,04.21.22,07.01.37,05.54.25,05.55.29,,5583,5647,5647,64,9615.0,,
PN06,2,PNO6-2.edf,PN06-2.edf,21.11.29,00.41.49,23.39.09,23.40.18,,8860,8929,8929,69,12620.0,,
PN06,3,PN06-3.edf,PN06-3.edf,06.25.51,08.41.51,08.10.26,08.11.08,,6275,6317,6317,42,8180.0,,
PN06,4,PNO6-4.edf,PN06-4.edf,11.16.09,13.12.54,12.55.08,12.56.11,,5939,6002,6002,63,7025.0,,
PN06,5,PN06-5.edf,PN06-5.edf,13.24.41,15.04.43,14.44.24,14.45.08,,4783,4827,4827,44,6022.0,,
PN10,1,PN10-1.edf,PN10-1.edf,05.40.05,08.26.07,07.45.50,07.46.59,,7545,7614,7614,69,9982.0,,
PN10,2,PN10-2.edf,PN10-2.edf,09.30.15,11.52.29,11.40.13,11.41.04 opure 11.40.43,,7798,7849,7849,51,8554.0,,
PN10,3,PN10-3.edf,PN10-3.edf,13.33.18,15.58.31,15.43.53 (CLINICAL ONSET); 15.43.59 (ELECTRIC ONSET),15.45.02,,7835,7904,7904,69,8713.0,,
PN10,4,PN10-4.5.6.edf,PN10-4.5.6.edf,12.11.21,16.48.49,12.49.50,12.49.55,,2309,2314,2314,5,16648.0,,
PN10,5,PN10-4.5.6.edf,PN10-4.5.6.edf,12.11.21,16.48.49,14.00.25,14.00.44,,6544,6563,6563,19,16648.0,,
PN10,6,PN10-4.5.6.edf,PN10-4.5.6.edf,12.11.21,16.48.49,15.18.26 (CLINICAL ONSET),15.19.23,,11225,11282,11282,57,16648.0,,
PN10,7,PN10-7.8.9.edf,PN10-7.8.9.edf,1 6.49.25,20.58.40,17.35.13,17.36.01,,2748,2796,2796,48,14955.0,,
PN10,8,PN10-7.8.9.edf,PN10-7.8.9.edf,16.49.25,20.58.40,18.20.24,18.20.42,,5459,5477,5477,18,14955.0,,
PN10,9,PN10-7.8.9.edf,PN10-7.8.9.edf,16.49.25,20.58.40,20.24.48,20.25.03,,12923,12938,12938,15,14955.0,,
PN10,10,PN10-10.edf,PN10-10.edf,08.45.22,11.08.07,10.58.19,10.58.33,,7977,7991,7991,14,8565.0,,
PN12,1,PN12-1.2.edf,PN12-1.2.edf,15.51.31,18.34.25,16:13.23,16.14.26,,1312,1375,1375,63,9774.0,,
PN12,2,PN12-1.2.edf,PN12-1.2.edf,,,18.31.01,18.32.09,,9570,9638,9638,68,9774.0,,
PN12,3,PN12-3.edf,PN12-3.edf,08.42.35,09.15.44,08.55.27,08.57.03,,772,868,868,96,1989.0,,
PN12,4,PN12-4.edf,PN12-4.edf,15.59.19,18.49.13,18.42.51,18.43.54,,9812,9875,9875,63,10194.0,,
PN14,1,PN14-1.edf,PN14-1.edf,11.44.58,13.56.06,13.46.00,13.46.27,,7262,7289,7289,27,7868.0,,
PN14,2,PN14-2.edf,PN14-2.edf,15.50.13,18.22.58,17.54.52,17.55.04,,7479,7491,7491,12,9165.0,,
PN14,3,PN14-3.edf,PN14-3.edf,16.17.45,06.57.40,21.10.05,21.10.46,,17540,17581,17581,41,41995.0,,
PN14,4,PN14-4.edf,PN14-4.edf,14.18.30,18.22.32,15.49.33,15.50.56,,5463,5546,5546,83,14642.0,,
