patient,file_name,event_id,onset_s,offset_s,onset_type,baseline_ready,baseline_support_s,preictal_available,ictal_available,analyzable,ictal_valid_anchors,ictal_quality_coverage,peri_event_quality_coverage,selected_leads_json,baseline_hr,preictal_hr,ictal_median_hr,ictal_max_window_median_hr,median_hr_change,max_hr_change,relative_hr_change,baseline_rr,ictal_rr,rr_change,ictal_hr_slope_bpm_min,baseline_rmssd_s,ictal_rmssd_s,rmssd_change_s,baseline_rr_cv,ictal_rr_cv,rr_cv_change,postictal_hr
PN00,PN00-1.edf,PN00-1,1143,1213,unspecified,True,295,True,True,True,13,0.9285714285714286,0.92105263157894735,"[1, 2]",61.501563126252506,66.351130081869712,65.994240567082628,98.304251658884255,4.4926774408301213,36.802688532631748,0.073049809020421241,0.9755859375,0.9091796875,-0.06640625,27.612505439765712,0.17151189964025015,0.11446357843399545,-0.057048321206254707,0.15864464987924576,0.20636715546577247,0.047722505586526714,105.20547945205479
PN00,PN00-2.edf,PN00-2,1220,1274,unspecified,True,300,True,True,True,11,1,1,"[1, 2]",60,60,60,60.711462450592883,0,0.71146245059288304,0,1,1,0,20.999153558409656,0.22989858030061289,0.20104828984913556,-0.028850290451477328,0.23576671334539745,0.22312218096839323,-0.01264453237700422,88.403060717479889
PN00,PN00-4.edf,PN00-4,1006,1080,unspecified,True,295,True,True,True,14,1,0.97422680412371132,"[1, 2]",63.604938271604937,60,62.699202430898787,92.686762778505908,-0.90573584070614999,29.081824506900972,-0.014240023893089648,0.943359375,0.95703125,0.013671875,13.397341361756627,0.13909108881106766,0.15058994677422546,0.011498857963157805,0.11258682795878806,0.16803787584689681,0.055451047888108743,108.76005714715393
PN00,PN00-5.edf,PN00-5,904,971,unspecified,True,295,True,True,True,14,1,1,"[1, 2]",59.883040935672511,60,60,66.593765853108621,0.1169590643274887,6.7107249174361101,0.001953125,1.001953125,1,-0.001953125,33.783037996585307,0.13283483607432761,0.15236565699460175,0.019530820920274139,0.083013477932408902,0.19558677244429673,0.11257329451188783,87.829835569608505
PN06,PN06-1.edf,PN06-1,5583,5647,unspecified,True,295,True,True,True,13,1,1,"[1, 2]",70.580196140461879,70.946882217090064,88.53025936599424,116.80608365019012,17.950063225532361,46.225887509728238,0.25432152653429707,0.85009765625,0.677734375,-0.17236328125,44.999806828518174,0.027233347515689208,0.026117073537961145,-0.0011162739777280627,0.047115415270733624,0.17449219121352044,0.12737677594278682,116.36363636363636
PN06,PN06-2.edf,PN06-2,8860,8929,unspecified,True,300,True,True,True,14,1,1,"[1, 2]",118.38194238194239,106.66666666666667,119.4022641509434,138.37837837837839,1.0203217690010007,19.996435996435991,0.0086188970080343097,0.5068359375,0.5029296875,-0.00390625,32.135262030657422,0.0040521332508288554,0.007589447865336765,0.0035373146145079096,0.028129158773132427,0.084190109534973939,0.056060950761841512,136.85438742707464
PN06,PN06-3.edf,PN06-3,6275,6317,unspecified,True,300,True,True,True,9,1,1,"[1, 2]",93.658536585365852,82.477080089949837,88.658193266812148,96.45235701188858,-5.0003433185537034,2.7938204265227284,-0.053389082307474411,0.640625,0.6767578125,0.0361328125,20.984572462298786,0.017899552743761378,0.018714542147104087,0.00081498940334270853,0.072122483714578453,0.081872612929085931,0.0097501292145074775,97.524792388938167
PN06,PN06-4.edf,PN06-4,5939,6002,unspecified,True,295,True,True,True,13,1,1,"[1, 2]",109.71778440828967,111.7090909090909,115.0561797752809,136.53333333333333,5.3383953669912216,26.815548925043657,0.048655697850455981,0.546875,0.521484375,-0.025390625,36.468868798969417,0.0097528840383630799,0.032045537971865129,0.022292653933502049,0.057572418429305647,0.11115334023167153,0.053580921802365886,144.05686455179676
PN06,PN06-5.edf,PN06-5,4783,4827,unspecified,True,295,True,True,True,9,1,1,"[1, 2]",87.0261941448382,90.087976539589448,90.087976539589448,105.56701030927834,3.0617823947512477,18.540816164440145,0.035182308324956724,0.689453125,0.666015625,-0.0234375,12.066094162975359,0.035305409533161108,0.039216063524163333,0.0039106539910022248,0.078041118844829671,0.11250644336247445,0.03446532451764478,126.68095092337516
PN10,PN10-1.edf,PN10-1,7545,7614,unspecified,False,0,False,False,False,0,0,0,[],,,,,,,,,,,,,,,,,,
PN10,PN10-2.edf,PN10-2,7798,7828,unspecified,True,295,True,True,True,6,1,0.85999999999999999,[2],72.796617307659915,73.143271787255031,73.669064748201436,74.20289855072464,0.87244744054152079,1.4062812430647256,0.011984725016195519,0.82421875,0.814453125,-0.009765625,-0.54124561186864595,0.083585637073981478,0.044429997175577683,-0.039155639898403795,0.1170835677324456,0.081564001714890491,-0.035519566017555113,77.143956435442007
PN10,PN10-3.edf,PN10-3,7835,7904,clinical,True,300,True,True,True,12,0.91304347826086951,0.96825396825396826,[2],90.619469026548671,71.608391608391614,72.28235294117647,73.317840054682165,-18.337116085372202,-17.301628971866506,-0.20235294117647062,0.662109375,0.830078125,0.16796875,-1.1630539944494869,0.045566132198077189,0.055995600818143143,0.010429468620065954,0.13346618150166151,0.094958629477617962,-0.038507552024043545,73.100662681849698
PN10,PN10-4.5.6.edf,PN10-4,2309,2314,unspecified,True,295,True,True,True,1,1,1,[2],67.001170191511832,63.933471933471935,64.673684210526318,64.673684210526318,-2.3274859809855144,-2.3274859809855144,-0.034737990013200992,0.8955078125,0.927734375,0.0322265625,14.038664290633069,0.071489502465361093,0.1067225536689323,0.035233051203571203,0.10517009913242378,0.14249377936470309,0.037323680232279305,71.863845502612506
PN10,PN10-4.5.6.edf,PN10-5,6544,6563,unspecified,True,295,True,True,True,4,1,1,[2],97.708737864077676,82.469947245524509,80.793822799935327,81.920000000000002,-16.914915064142349,-15.788737864077675,-0.17311568477808648,0.6142578125,0.74267578125,0.12841796875,-15.406209837890255,0.082282917709075615,0.046502747226612538,-0.035780170482463076,0.12752209404092757,0.1040905452649703,-0.023431548775957267,75.951298225025681
PN10,PN10-4.5.6.edf,PN10-6,11225,11282,clinical,True,300,True,True,True,12,1,1,[2],75.665024630541879,74.700944091604214,75.572070054828686,76.801920048001193,-0.092954575713193321,1.1368954174593142,-0.0012285012285011554,0.79296875,0.7939453125,0.0009765625,1.4682470208725522,0.060569643260851388,0.043858111959699242,-0.016711531301152147,0.13906801555223566,0.090224592970626627,-0.048843422581609036,78.7196416512285
PN10,PN10-7.8.9.edf,PN10-7,2748,2796,unspecified,True,295,True,True,True,10,1,1,[2],74.024096385542165,81.702127659574472,72.550927363290583,79.179991364134594,-1.4731690222515823,5.1558949785924284,-0.019901209122213714,0.810546875,0.8271484375,0.0166015625,-19.598471689099682,0.046015601174558739,0.10452221730747061,0.058506616132911866,0.078533855349490839,0.15851529692505417,0.079981441575563333,73.058468220842244
PN10,PN10-7.8.9.edf,PN10-8,5459,5477,unspecified,True,295,True,True,True,4,1,1,[2],75.851851851851848,78.367346938775512,82.085161290322588,82.691939831319019,6.2333094384707408,6.840087979467171,0.082177419354838799,0.791015625,0.73095703125,-0.06005859375,15.038687797200332,0.043851961856316485,0.078334611216438393,0.034482649360121909,0.090971989070486287,0.12243748291224053,0.031465493841754247,75.62083750443216
PN10,PN10-7.8.9.edf,PN10-9,12923,12938,unspecified,True,295,True,True,True,3,1,1,[2],78.971722365038559,74.926829268292678,74.835677407868957,74.926829268292678,-4.1360449571696023,-4.0448930967458807,-0.052373746365200979,0.759765625,0.8017578125,0.0419921875,8.8581054222607278,0.041920954620757359,0.041112974613379163,-0.00080798000737819509,0.094216188899685777,0.079551237259406049,-0.014664951640279728,76.514143920595529
PN10,PN10-10.edf,PN10-10,7977,7991,unspecified,True,295,True,True,True,3,1,1,[2],91.633262260127935,88.53025936599424,87.897175603765859,88.2765910010487,-3.736086656362076,-3.3566712590792349,-0.04077216683343754,0.65478515625,0.6826171875,0.02783203125,0.15385528296800985,0.035653856730802479,0.028459226055520693,-0.0071946306752817858,0.09720913198676423,0.084778491237784859,-0.012430640748979371,88.97914048755969
PN12,PN12-1.2.edf,PN12-1,1312,1375,unspecified,True,280,True,True,True,9,0.76190476190476186,0.65573770491803274,"[1, 2]",59.883040935672511,60.772048464356153,68.724832214765101,101.05263157894737,8.8417912790925897,41.169590643274859,0.1476510067114094,1.001953125,0.873046875,-0.12890625,78.398308284995935,0.15989486787346391,0.21003468209629872,0.050139814222834811,0.16808972870388952,0.27210932669633353,0.10401959799244401,121.42292490118577
PN12,PN12-1.2.edf,PN12-2,9570,9638,unspecified,True,300,True,True,True,10,0.73529411764705888,0.55851063829787229,"[1, 2]",71.692046271485523,71.317541682404354,78.030364568223575,105.93103448275862,6.338318296738052,34.238988211273096,0.088410341542434434,0.8369140625,0.76953125,-0.0673828125,41.413578196419408,0.18972195703338174,0.13533003574965338,-0.054391921283728356,0.2356412809383282,0.22882773641342039,-0.0068135445249078164,
PN12,PN12-3.edf,PN12-3,772,868,unspecified,True,295,True,True,True,11,0.60416666666666663,0.54629629629629628,"[1, 2]",68.878923766816143,67.665198237885463,69.818181818181813,118.83990302594954,0.93925805136566964,49.960979259133396,0.013636363636363669,0.87109375,0.859375,-0.01171875,70.868624214940382,0.13713218738285426,0.156886450191393,0.019754262808538731,0.21009443319652385,0.27405218800368214,0.06395775480715829,
PN12,PN12-4.edf,PN12-4,9812,9875,unspecified,True,295,True,True,True,12,1,1,"[1, 2]",77.527895754010785,75.665024630541879,80.9271798280231,123.87096774193549,3.3992840740123142,46.343071987924702,0.043845947848216493,0.77392578125,0.7431640625,-0.03076171875,47.642602345372651,0.14601483713495952,0.13194268915311,-0.014072147981849525,0.19365413791649955,0.22654575641216562,0.032891618495666075,125.00547536087606
PN14,PN14-1.edf,PN14-1,7262,7289,unspecified,True,295,True,True,True,5,1,1,"[1, 2]",71.27610208816705,69.423817451967764,69.033707865168537,69.189189189189193,-2.242394222998513,-2.0869128989778574,-0.031460674157303359,0.841796875,0.869140625,0.02734375,-55.897817048262127,0.10646033962331092,0.17341780652824665,0.066957466904935731,0.16037935130340147,0.29865499025935405,0.13827563895595257,71.446127245937049
PN14,PN14-2.edf,PN14-2,7479,7491,unspecified,True,295,True,True,True,3,1,1,[1],66.207050310279953,66.782608695652172,67.074235807860262,67.074235807860262,0.86718549758030861,0.86718549758030861,0.013098083867446597,0.90625,0.89453125,-0.01171875,35.20776456349212,0.10300001336469236,0.12211924570700286,0.019119232342310499,0.12842319408236322,0.18051394479788302,0.052090750715519801,69.112324791565101
PN14,PN14-3.edf,PN14-3,6740,6781,unspecified,True,300,True,True,True,9,1,1,[1],79.79220779220779,83.139529773676117,83.252032520325201,83.705722070844686,3.459824728117411,3.9135142786368959,0.043360433604336057,0.751953125,0.720703125,-0.03125,-3.3530810929714305,0.01153310324440629,0.051712183073537858,0.040179079829131568,0.038276195599089541,0.070118032005459921,0.03184183640637038,95.329884814337632
PN14,PN14-4.edf,PN14-4,5463,5546,unspecified,True,295,True,True,True,10,0.62650602409638556,0.65024630541871919,"[1, 2]",64.335149075024333,63.210144160545312,66.211817168338911,81.272116461366181,1.8766680933145778,16.936967386341848,0.02917018333362531,0.9326171875,0.90625,-0.0263671875,64.246669124433083,0.1146456425291011,0.16337624377163201,0.04873060124253091,0.11830366115577864,0.26864763977760042,0.15034397862182178,132.99698258897615
