patient,file_name,raw_s,startup_s,uncertain_s,poor_quality_s,acquisition_missing_s,baseline_not_ready_good_s,evaluable_s,coverage_pct,good_window_fraction,lead1_good_fraction,lead2_good_fraction,median_beat_agreement,disagreement_windows,selected_lead1_windows,selected_lead2_windows
PN00,PN00-1.edf,2625,60,0,15,0,120,2550,97.142857142857139,0.99415204678362568,0.86744639376218324,1,0.93846153846153846,3,185,325
PN00,PN00-2.edf,2302,60,0,345,0,155,1897,82.406602953953083,0.84632516703786187,0.93095768374164811,1,0.91603053435114501,69,136,244
PN00,PN00-4.edf,2102,60,0,15,0,120,2027,96.431969552806848,0.99266503667481665,0.90953545232273836,1,0.94530916193615333,3,137,269
PN00,PN00-5.edf,2143,60,0,50,0,120,2033,94.867008866075594,0.97601918465227822,0.98081534772182255,1,0.97560975609756095,10,131,276
PN06,PN06-1.edf,9615,60,0,0,0,120,9555,99.37597503900156,1,1,1,1,0,1362,549
PN06,PN06-2.edf,12620,60,0,0,0,120,12560,99.524564183835182,1,1,1,1,0,1563,949
PN06,PN06-3.edf,8180,60,0,0,0,120,8120,99.266503667481658,1,1,1,1,0,875,749
PN06,PN06-4.edf,7025,60,0,0,0,120,6965,99.145907473309606,1,1,1,1,0,925,468
PN06,PN06-5.edf,6022,60,0,0,0,120,5962,99.003653271338422,1,1,1,1,0,678,515
PN10,PN10-1.edf,9982,60,0,9415,0,325,507,5.0791424564215584,0.051385390428211587,0.0020151133501259445,0.049370277078085639,0.17999999999999999,0,4,98
PN10,PN10-2.edf,8554,60,21,20,0,120,8453,98.819265840542442,0.99764567392583869,0.20423778693349029,1,0.20202020202020202,4,157,1538
PN10,PN10-3.edf,8713,60,6,265,0,120,8382,96.201078847698838,0.96938186019641825,0.28307336799537841,0.99480069324090126,0.22810685249709639,44,205,1473
PN10,PN10-4.5.6.edf,16648,60,0,85,0,120,16503,99.129024507448335,0.99487643158529238,0.067811934900542492,1,0.17821782178217821,17,88,3213
PN10,PN10-7.8.9.edf,14955,60,0,175,0,120,14720,98.428619190906048,0.9882510909701242,0.010070493454179255,0.99026518966096,0.17647058823529413,6,11,2933
PN10,PN10-10.edf,8565,60,0,0,0,120,8505,99.299474605954472,1,0,1,0.18461538461538463,0,0,1701
PN12,PN12-1.2.edf,9774,60,0,1029,0,240,8685,88.858195211786366,0.89397838394235718,0.90838908903757076,0.83890890375707672,0.90140845070422537,45,794,943
PN12,PN12-3.edf,1989,60,0,190,0,120,1739,87.430869783810962,0.9015544041450777,0.8886010362694301,0.76165803108808294,0.85296563192904662,5,223,125
PN12,PN12-4.edf,10194,60,0,0,0,120,10134,99.411418481459677,1,1,1,0.99259259259259258,0,1454,573
PN14,PN14-1.edf,7868,60,0,0,0,120,7808,99.237417386883578,1,0.99359795134443019,1,0.96899038461538467,0,950,612
PN14,PN14-2.edf,9165,60,0,0,0,120,9105,99.345335515548285,1,0.99615595826468972,1,0.98461538461538467,0,1226,595
PN14,PN14-3.edf,41995,60,0,330,0,120,41605,99.071318014049297,0.99213067843090497,0.99809228568021935,0.33492309526648384,0.78518518518518521,50,7423,898
PN14,PN14-4.edf,14642,60,0,175,0,120,14407,98.395028001639119,0.98800137127185461,0.98251628385327394,0.96743229345217685,1,12,2035,847
