patient,model,test_file,event_id,onset_s,offset_s,detected,declaration_s,delay_s,overlap_detected
PN00,C0_LR,PN00-1.edf,PN00-1,1143,1213,False,,,False
PN00,C0_LR,PN00-2.edf,PN00-2,1220,1274,False,,,False
PN00,C0_LR,PN00-4.edf,PN00-4,1006,1080,False,,,False
PN00,C0_LR,PN00-5.edf,PN00-5,904,971,False,,,False
PN00,C1_RF,PN00-1.edf,PN00-1,1143,1213,False,,,False
PN00,C1_RF,PN00-2.edf,PN00-2,1220,1274,False,,,False
PN00,C1_RF,PN00-4.edf,PN00-4,1006,1080,False,,,False
PN00,C1_RF,PN00-5.edf,PN00-5,904,971,False,,,False
PN06,C0_LR,PN06-1.edf,PN06-1,5583,5647,False,,,False
PN06,C0_LR,PN06-2.edf,PN06-2,8860,8929,False,,,False
PN06,C0_LR,PN06-3.edf,PN06-3,6275,6317,False,,,False
PN06,C0_LR,PN06-4.edf,PN06-4,5939,6002,False,,,False
PN06,C0_LR,PN06-5.edf,PN06-5,4783,4827,False,,,False
PN06,C1_RF,PN06-1.edf,PN06-1,5583,5647,False,,,False
PN06,C1_RF,PN06-2.edf,PN06-2,8860,8929,False,,,False
PN06,C1_RF,PN06-3.edf,PN06-3,6275,6317,False,,,False
PN06,C1_RF,PN06-4.edf,PN06-4,5939,6002,False,,,False
PN06,C1_RF,PN06-5.edf,PN06-5,4783,4827,False,,,False
PN10,C0_LR,PN10-1.edf,PN10-1,7545,7614,False,,,False
PN10,C0_LR,PN10-10.edf,PN10-10,7977,7991,False,,,False
PN10,C0_LR,PN10-2.edf,PN10-2,7798,7828,False,,,False
PN10,C0_LR,PN10-3.edf,PN10-3,7835,7904,False,,,False
PN10,C0_LR,PN10-4.5.6.edf,PN10-4,2309,2314,False,,,False
PN10,C0_LR,PN10-4.5.6.edf,PN10-5,6544,6563,False,,,False
PN10,C0_LR,PN10-4.5.6.edf,PN10-6,11225,11282,False,,,False
PN10,C0_LR,PN10-7.8.9.edf,PN10-7,2748,2796,False,,,False
PN10,C0_LR,PN10-7.8.9.edf,PN10-8,5459,5477,False,,,False
PN10,C0_LR,PN10-7.8.9.edf,PN10-9,12923,12938,False,,,False
PN10,C1_RF,PN10-1.edf,PN10-1,7545,7614,False,,,False
PN10,C1_RF,PN10-10.edf,PN10-10,7977,7991,False,,,False
PN10,C1_RF,PN10-2.edf,PN10-2,7798,7828,False,,,False
PN10,C1_RF,PN10-3.edf,PN10-3,7835,7904,False,,,False
PN10,C1_RF,PN10-4.5.6.edf,PN10-4,2309,2314,False,,,False
PN10,C1_RF,PN10-4.5.6.edf,PN10-5,6544,6563,False,,,False
PN10,C1_RF,PN10-4.5.6.edf,PN10-6,11225,11282,False,,,False
PN10,C1_RF,PN10-7.8.9.edf,PN10-7,2748,2796,False,,,False
PN10,C1_RF,PN10-7.8.9.edf,PN10-8,5459,5477,False,,,False
PN10,C1_RF,PN10-7.8.9.edf,PN10-9,12923,12938,False,,,False
PN12,C0_LR,PN12-1.2.edf,PN12-1,1312,1375,False,,,False
PN12,C0_LR,PN12-1.2.edf,PN12-2,9570,9638,False,,,False
PN12,C0_LR,PN12-3.edf,PN12-3,772,868,False,,,False
PN12,C0_LR,PN12-4.edf,PN12-4,9812,9875,False,,,False
PN12,C1_RF,PN12-1.2.edf,PN12-1,1312,1375,True,1355,43,True
PN12,C1_RF,PN12-1.2.edf,PN12-2,9570,9638,True,9605,35,True
PN12,C1_RF,PN12-3.edf,PN12-3,772,868,True,820,48,True
PN12,C1_RF,PN12-4.edf,PN12-4,9812,9875,True,9850,38,True
PN14,C0_LR,PN14-1.edf,PN14-1,7262,7289,False,,,False
PN14,C0_LR,PN14-2.edf,PN14-2,7479,7491,False,,,False
PN14,C0_LR,PN14-3.edf,PN14-3,6740,6781,False,,,False
PN14,C0_LR,PN14-4.edf,PN14-4,5463,5546,False,,,False
PN14,C1_RF,PN14-1.edf,PN14-1,7262,7289,False,,,False
PN14,C1_RF,PN14-2.edf,PN14-2,7479,7491,False,,,False
PN14,C1_RF,PN14-3.edf,PN14-3,6740,6781,False,,,False
PN14,C1_RF,PN14-4.edf,PN14-4,5463,5546,False,,,False
