patient,file_name,source,declaration_s,ecg_state,hr_delta,other_false_within_5s
PN00,PN00-1.edf,EEG,1320,larger_hr_deviation,19.668455393510826,False
PN06,PN06-2.edf,EEG,8895,within_10bpm_recent_baseline,6.0739163498098776,False
PN06,PN06-3.edf,EEG,6540,larger_hr_deviation,18.274655218568128,False
PN06,PN06-4.edf,EEG,3470,larger_hr_deviation,13.545876758260675,False
PN06,PN06-5.edf,EEG,4860,larger_hr_deviation,37.639823178935231,False
PN10,PN10-1.edf,EEG,695,unavailable,,False
PN10,PN10-1.edf,EEG,760,unavailable,,False
PN10,PN10-1.edf,EEG,790,unavailable,,False
PN10,PN10-1.edf,EEG,845,unavailable,,False
PN10,PN10-1.edf,EEG,900,unavailable,,False
PN10,PN10-1.edf,EEG,985,unavailable,,False
PN10,PN10-1.edf,EEG,1025,unavailable,,False
PN10,PN10-1.edf,EEG,1060,unavailable,,False
PN10,PN10-1.edf,EEG,1120,unavailable,,False
PN10,PN10-1.edf,EEG,1280,unavailable,,False
PN10,PN10-1.edf,EEG,1360,unavailable,,False
PN10,PN10-1.edf,EEG,1385,unavailable,,False
PN10,PN10-1.edf,EEG,1430,unavailable,,False
PN10,PN10-1.edf,EEG,1470,unavailable,,False
PN10,PN10-1.edf,EEG,1485,unavailable,,False
PN10,PN10-1.edf,EEG,1525,unavailable,,False
PN10,PN10-1.edf,EEG,1550,unavailable,,False
PN10,PN10-1.edf,EEG,1600,unavailable,,False
PN10,PN10-1.edf,EEG,1735,unavailable,,False
PN10,PN10-1.edf,EEG,1765,unavailable,,False
PN10,PN10-1.edf,EEG,1825,unavailable,,False
PN10,PN10-1.edf,EEG,1925,unavailable,,False
PN10,PN10-1.edf,EEG,1980,unavailable,,False
PN10,PN10-1.edf,EEG,2270,unavailable,,False
PN10,PN10-1.edf,EEG,2420,unavailable,,False
PN10,PN10-1.edf,EEG,2510,unavailable,,False
PN10,PN10-1.edf,EEG,2915,unavailable,,False
PN10,PN10-1.edf,EEG,4130,unavailable,,False
PN10,PN10-1.edf,EEG,4190,baseline_not_ready,,False
PN10,PN10-1.edf,EEG,4255,unavailable,,False
PN10,PN10-1.edf,EEG,4335,unavailable,,False
PN10,PN10-1.edf,EEG,4370,unavailable,,False
PN10,PN10-1.edf,EEG,4575,unavailable,,False
PN10,PN10-1.edf,EEG,4670,unavailable,,False
PN10,PN10-1.edf,EEG,4760,unavailable,,False
PN10,PN10-1.edf,EEG,5890,unavailable,,False
PN10,PN10-1.edf,EEG,6675,unavailable,,False
PN10,PN10-1.edf,EEG,6770,unavailable,,False
PN10,PN10-1.edf,EEG,6885,unavailable,,False
PN10,PN10-1.edf,EEG,6930,unavailable,,False
PN10,PN10-1.edf,EEG,6990,unavailable,,False
PN10,PN10-1.edf,EEG,7995,unavailable,,False
PN10,PN10-1.edf,EEG,8165,unavailable,,False
PN10,PN10-1.edf,EEG,8285,unavailable,,False
PN10,PN10-1.edf,EEG,8365,unavailable,,False
PN10,PN10-1.edf,EEG,8400,unavailable,,False
PN10,PN10-1.edf,EEG,8500,unavailable,,False
PN10,PN10-1.edf,EEG,8615,unavailable,,False
PN10,PN10-1.edf,EEG,8630,unavailable,,False
PN10,PN10-1.edf,EEG,8775,unavailable,,False
PN10,PN10-1.edf,EEG,8955,unavailable,,False
PN10,PN10-1.edf,EEG,9220,unavailable,,False
PN10,PN10-1.edf,EEG,9435,unavailable,,False
PN12,PN12-1.2.edf,EEG,1355,larger_hr_deviation,41.286094613966824,False
PN12,PN12-1.2.edf,EEG,9610,larger_hr_deviation,21.228033612705573,False
PN14,PN14-1.edf,EEG,4860,within_10bpm_recent_baseline,-7.9709512346577469,False
PN14,PN14-3.edf,EEG,21970,within_10bpm_recent_baseline,-1.0540848979769635,False
PN14,PN14-3.edf,EEG,27880,within_10bpm_recent_baseline,-1.0012675189222477,False
PN14,PN14-3.edf,EEG,28335,within_10bpm_recent_baseline,-0.22897776187654273,False
PN14,PN14-3.edf,EEG,28520,within_10bpm_recent_baseline,0.22897776187654273,False
PN14,PN14-3.edf,EEG,28615,within_10bpm_recent_baseline,-0.22809622809622709,False
PN14,PN14-3.edf,EEG,32820,within_10bpm_recent_baseline,1.317365269461078,False
PN14,PN14-3.edf,EEG,34135,within_10bpm_recent_baseline,0.83168316831682887,False
PN14,PN14-3.edf,EEG,35505,within_10bpm_recent_baseline,0.46062582588387357,False
PN00,PN00-2.edf,ECG,1285,not_classified,,False
PN06,PN06-1.edf,ECG,6005,not_classified,,False
PN06,PN06-3.edf,ECG,4615,not_classified,,False
PN06,PN06-3.edf,ECG,4975,not_classified,,False
PN06,PN06-3.edf,ECG,5565,not_classified,,False
PN12,PN12-4.edf,ECG,5290,not_classified,,False
PN12,PN12-4.edf,ECG,9550,not_classified,,False
