events,detected,overlap_detected,false_declarations,duplicate_declarations,total_declarations,active_alarm_s,raw_s,startup_s,uncertain_s,other_unavailable_s,evaluable_s,sensitivity,overlap_sensitivity,far_per_h,missed,matched_declarations,delay_n,delay_median_s,delay_q25_s,delay_q75_s,delay_min_s,delay_max_s,warning_fraction,longest_alarm_s,window_n,window_positive,average_precision,roc_auc,patient,model,test_file,threshold,calibration_status
1,0,0,0,0,0,0,2625,60,0,15,2550,0,0,0,1,0,0,,,,,,0,0,510,13,0.081554199477095468,0.60362173038229383,PN00,C0_LR,PN00-1.edf,1.01,nested
1,0,0,0,0,0,0,2302,60,0,345,1897,0,0,0,1,0,0,,,,,,0,0,380,11,0.05051046577116812,0.57452574525745259,PN00,C0_LR,PN00-2.edf,1.01,nested
1,0,0,0,0,0,0,2102,60,0,15,2027,0,0,0,1,0,0,,,,,,0,0,406,14,0.075995337047071898,0.42492711370262387,PN00,C0_LR,PN00-4.edf,1.01,nested
1,0,0,0,0,0,0,2143,60,0,50,2033,0,0,0,1,0,0,,,,,,0,0,407,14,0.12027024958176065,0.79062159214830974,PN00,C0_LR,PN00-5.edf,1.01,nested
1,0,0,0,0,0,0,2625,60,0,15,2550,0,0,0,1,0,0,,,,,,0,0,510,13,0.26169300463037209,0.75731310942578545,PN00,C1_RF,PN00-1.edf,1.01,nested
1,0,0,1,0,1,30,2302,60,0,345,1897,0,0,1.8977332630469161,1,0,0,,,,,,0.015814443858724301,30,380,11,0.057256388844766339,0.62355259916235517,PN00,C1_RF,PN00-2.edf,0.94999999999999996,nested
1,0,0,0,0,0,0,2102,60,0,15,2027,0,0,0,1,0,0,,,,,,0,0,406,14,0.13375140227226254,0.56741982507288624,PN00,C1_RF,PN00-4.edf,1.01,nested
1,0,0,0,0,0,0,2143,60,0,50,2033,0,0,0,1,0,0,,,,,,0,0,407,14,0.16926360224679549,0.67684478371501267,PN00,C1_RF,PN00-5.edf,1.01,nested
1,0,0,0,0,0,0,9615,60,0,0,9555,0,0,0,1,0,0,,,,,,0,0,1911,13,0.06392522600167376,0.74633217151657627,PN06,C0_LR,PN06-1.edf,1.01,nested
1,0,0,0,0,0,0,12620,60,0,0,12560,0,0,0,1,0,0,,,,,,0,0,2512,14,0.14636944001951241,0.96365663959739223,PN06,C0_LR,PN06-2.edf,1.01,nested
1,0,0,0,0,0,0,8180,60,0,0,8120,0,0,0,1,0,0,,,,,,0,0,1624,9,0.027124224670917636,0.87980736154110761,PN06,C0_LR,PN06-3.edf,1.01,nested
1,0,0,0,0,0,0,7025,60,0,0,6965,0,0,0,1,0,0,,,,,,0,0,1393,13,0.47102923517387862,0.9710702341137124,PN06,C0_LR,PN06-4.edf,1.01,nested
1,0,0,0,0,0,0,6022,60,0,0,5962,0,0,0,1,0,0,,,,,,0,0,1193,9,0.085458905468159999,0.74371246246246248,PN06,C0_LR,PN06-5.edf,1.01,nested
1,0,0,1,0,1,10,9615,60,0,0,9555,0,0,0.37676609105180536,1,0,0,,,,,,0.0010465724751439038,10,1911,13,0.061342405282965931,0.71137634757234336,PN06,C1_RF,PN06-1.edf,0.84999999999999998,nested
1,0,0,0,0,0,0,12620,60,0,0,12560,0,0,0,1,0,0,,,,,,0,0,2512,14,0.25539606259480396,0.84387510008006406,PN06,C1_RF,PN06-2.edf,1.01,nested
1,0,0,3,0,3,50,8180,60,0,0,8120,0,0,1.3300492610837438,1,0,0,,,,,,0.0061576354679802959,20,1624,9,0.010926123083495828,0.56904024767801853,PN06,C1_RF,PN06-3.edf,0.84999999999999998,nested
1,0,0,0,0,0,0,7025,60,0,0,6965,0,0,0,1,0,0,,,,,,0,0,1393,13,0.24386349949478373,0.88076923076923075,PN06,C1_RF,PN06-4.edf,1.01,nested
1,0,0,0,0,0,0,6022,60,0,0,5962,0,0,0,1,0,0,,,,,,0,0,1193,9,0.073663280754451638,0.64283033033033021,PN06,C1_RF,PN06-5.edf,0.94999999999999996,nested
1,0,0,0,0,0,0,9982,60,0,9415,507,0,0,0,1,0,0,,,,,,0,0,102,0,,,PN10,C0_LR,PN10-1.edf,1.01,nested
1,0,0,0,0,0,0,8565,60,0,0,8505,0,0,0,1,0,0,,,,,,0,0,1701,3,0.0020213355264366746,0.42186886533176288,PN10,C0_LR,PN10-10.edf,1.01,nested
1,0,0,0,0,0,0,8554,60,21,20,8453,0,0,0,1,0,0,,,,,,0,0,1691,6,0.0026767043742662068,0.25182987141444113,PN10,C0_LR,PN10-2.edf,1.01,nested
1,0,0,0,0,0,0,8713,60,6,265,8382,0,0,0,1,0,0,,,,,,0,0,1676,12,0.041149877085549631,0.91251001602564108,PN10,C0_LR,PN10-3.edf,1.01,nested
3,0,0,0,0,0,0,16648,60,0,85,16503,0,0,0,3,0,0,,,,,,0,0,3301,17,0.03182167602600381,0.66249910439206139,PN10,C0_LR,PN10-4.5.6.edf,1.01,nested
3,0,0,0,0,0,0,14955,60,0,175,14720,0,0,0,3,0,0,,,,,,0,0,2944,17,0.004947363087922681,0.33722542655599991,PN10,C0_LR,PN10-7.8.9.edf,1.01,nested
1,0,0,0,0,0,0,9982,60,0,9415,507,0,0,0,1,0,0,,,,,,0,0,102,0,,,PN10,C1_RF,PN10-1.edf,1.01,nested
1,0,0,0,0,0,0,8565,60,0,0,8505,0,0,0,1,0,0,,,,,,0,0,1701,3,0.0017636684303350969,0.081272084805653733,PN10,C1_RF,PN10-10.edf,1.01,nested
1,0,0,0,0,0,0,8554,60,21,20,8453,0,0,0,1,0,0,,,,,,0,0,1691,6,0.0031121622105462808,0.33951533135509393,PN10,C1_RF,PN10-2.edf,1.01,nested
1,0,0,0,0,0,0,8713,60,6,265,8382,0,0,0,1,0,0,,,,,,0,0,1676,12,0.019960029514648266,0.77734375,PN10,C1_RF,PN10-3.edf,1.01,nested
3,0,0,0,0,0,0,16648,60,0,85,16503,0,0,0,3,0,0,,,,,,0,0,3301,17,0.0059625966120797633,0.5788672350791717,PN10,C1_RF,PN10-4.5.6.edf,1.01,nested
3,0,0,0,0,0,0,14955,60,0,175,14720,0,0,0,3,0,0,,,,,,0,0,2944,17,0.0086403848034928218,0.29697140215840351,PN10,C1_RF,PN10-7.8.9.edf,1.01,nested
2,0,0,0,0,0,0,9774,60,0,1029,8685,0,0,0,2,0,0,,,,,,0,0,1737,19,0.12095711535677275,0.62784143128484771,PN12,C0_LR,PN12-1.2.edf,1.01,nested
1,0,0,0,0,0,0,1989,60,0,190,1739,0,0,0,1,0,0,,,,,,0,0,348,11,0.32914093795973337,0.74588616131642838,PN12,C0_LR,PN12-3.edf,1.01,nested
1,0,0,0,0,0,0,10194,60,0,0,10134,0,0,0,1,0,0,,,,,,0,0,2027,12,0.28642360005320822,0.80971877584780816,PN12,C0_LR,PN12-4.edf,1.01,nested
2,2,2,0,0,2,25,9774,60,0,1029,8685,1,1,0,0,2,2,39,37,41,35,43,0.0028785261945883708,20,1737,19,0.49595508802418281,0.84826297408247042,PN12,C1_RF,PN12-1.2.edf,0.90000000000000002,nested
1,1,1,0,0,1,10,1989,60,0,190,1739,1,1,0,0,1,1,48,48,48,48,48,0.0057504312823461762,10,348,11,0.45353556882264362,0.69705961694092256,PN12,C1_RF,PN12-3.edf,0.94999999999999996,nested
1,1,1,2,0,3,60,10194,60,0,0,10134,1,1,0.71047957371225579,0,1,1,38,38,38,38,38,0.005920663114268798,25,2027,12,0.38505499118733588,0.87113316790736139,PN12,C1_RF,PN12-4.edf,0.90000000000000002,nested
1,0,0,0,0,0,0,7868,60,0,0,7808,0,0,0,1,0,0,,,,,,0,0,1562,5,0.0025502620186175461,0.27912652536929994,PN14,C0_LR,PN14-1.edf,1.01,nested
1,0,0,0,0,0,0,9165,60,0,0,9105,0,0,0,1,0,0,,,,,,0,0,1821,3,0.019282956847456331,0.80693069306930698,PN14,C0_LR,PN14-2.edf,1.01,nested
1,0,0,0,0,0,0,41995,60,0,330,41605,0,0,0,1,0,0,,,,,,0,0,8321,9,0.00072329770481343973,0.18650411720671586,PN14,C0_LR,PN14-3.edf,1.01,nested
1,0,0,0,0,0,0,14642,60,0,175,14407,0,0,0,1,0,0,,,,,,0,0,2882,10,0.0043745010834623684,0.5395543175487465,PN14,C0_LR,PN14-4.edf,1.01,nested
1,0,0,0,0,0,0,7868,60,0,0,7808,0,0,0,1,0,0,,,,,,0,0,1562,5,0.0026284771873920591,0.30443159922928709,PN14,C1_RF,PN14-1.edf,1.01,nested
1,0,0,0,0,0,0,9165,60,0,0,9105,0,0,0,1,0,0,,,,,,0,0,1821,3,0.0060868185191894292,0.76897689768976896,PN14,C1_RF,PN14-2.edf,1.01,nested
1,0,0,0,0,0,0,41995,60,0,330,41605,0,0,0,1,0,0,,,,,,0,0,8321,9,0.00097018313244638676,0.33991685381242648,PN14,C1_RF,PN14-3.edf,1.01,nested
1,0,0,0,0,0,0,14642,60,0,175,14407,0,0,0,1,0,0,,,,,,0,0,2882,10,0.0050752934536943614,0.63678621169916438,PN14,C1_RF,PN14-4.edf,1.01,nested
