patient,model,file_name,ecg_good_fraction,background_hr_median,background_hr_q25,background_hr_q75,background_rr_median,reference_hr_median,background_score_median,background_score_p95,background_score_p99
PN00,C0_LR,PN00-1.edf,0.99415204678362568,61.439999999999998,60.117416829745594,63.802343035594127,0.9765625,61.935483870967744,0.43390488899352814,0.93071601831990292,0.99174707949697716
PN00,C0_LR,PN00-2.edf,0.84632516703786187,60,59.883040935672511,60.117416829745594,1,60,0.29060970819421489,0.90810045673557738,0.99337616636667792
PN00,C0_LR,PN00-4.edf,0.99266503667481665,60,60,61.888751866034923,1,60.117416829745594,0.38900051718368661,0.92521791096084216,0.99836462649564595
PN00,C0_LR,PN00-5.edf,0.97601918465227822,59.883040935672511,59.883040935672511,60,1.001953125,59.883040935672511,0.20514899004809892,0.64471701224595934,0.98046910736140203
PN00,C1_RF,PN00-1.edf,0.99415204678362568,61.439999999999998,60.117416829745594,63.802343035594127,0.9765625,61.935483870967744,0.27854084985630206,0.70591826645456679,0.82902202682001436
PN00,C1_RF,PN00-2.edf,0.84632516703786187,60,59.883040935672511,60.117416829745594,1,60,0.048470540382417063,0.64605116340903768,0.96277265218826724
PN00,C1_RF,PN00-4.edf,0.99266503667481665,60,60,61.888751866034923,1,60.117416829745594,0.13782829962414522,0.61041144597705932,0.89518550960803767
PN00,C1_RF,PN00-5.edf,0.97601918465227822,59.883040935672511,59.883040935672511,60,1.001953125,59.883040935672511,0.0014393939393939393,0.44738861798846608,0.77778993520245321
PN06,C0_LR,PN06-1.edf,1,71.775700934579433,69.189540168173778,74.5631067961165,0.8359375,71.775700934579433,0.00029522752727449155,0.12050234553478976,0.8976659311185593
PN06,C0_LR,PN06-2.edf,1,91.976047904191617,86.535211267605632,103.78378378378379,0.65234375,92.252252252252248,0.12989304340415364,0.7886232221173286,0.99669817338215028
PN06,C0_LR,PN06-3.edf,1,77.77215189873418,72.796412919232807,84.395604395604394,0.771484375,77.283141146538739,0.071195069266187447,0.70360506483156759,0.9618354819099203
PN06,C0_LR,PN06-4.edf,1,84.050034064400279,78.769230769230774,90.253579437640155,0.7138671875,83.93442622950819,0.15263802557818557,0.79634810757292285,0.96550037974038438
PN06,C0_LR,PN06-5.edf,1,87.272727272727266,85.096952908587255,90.954997980791177,0.6875,86.779661016949149,0.049188818061199305,0.58606820989485553,0.96268610849583891
PN06,C1_RF,PN06-1.edf,1,71.775700934579433,69.189540168173778,74.5631067961165,0.8359375,71.775700934579433,0.0017730684643335244,0.027673660321274187,0.1624403211484072
PN06,C1_RF,PN06-2.edf,1,91.976047904191617,86.535211267605632,103.78378378378379,0.65234375,92.252252252252248,0.012333997727835482,0.36002806211817634,0.89495050378282759
PN06,C1_RF,PN06-3.edf,1,77.77215189873418,72.796412919232807,84.395604395604394,0.771484375,77.283141146538739,0.0046613407686370836,0.33250126734221547,0.65493922968393703
PN06,C1_RF,PN06-4.edf,1,84.050034064400279,78.769230769230774,90.253579437640155,0.7138671875,83.93442622950819,0.031618154155688777,0.26235473061462927,0.53125961704869584
PN06,C1_RF,PN06-5.edf,1,87.272727272727266,85.096952908587255,90.954997980791177,0.6875,86.779661016949149,0.013244558086767357,0.2453868997940532,0.56838186520932199
PN10,C0_LR,PN10-1.edf,0.051385390428211587,74.926829268292678,72.796208530805686,77.97569651030598,0.80078125,73.317422434367543,0.59868399384971682,0.99320198380738989,0.99900053447843518
PN10,C0_LR,PN10-10.edf,1,84.222504645590192,75.479115479115478,91.976047904191617,0.71240234375,82.803234501347703,0.16069549259272592,0.64314816803553498,0.72086575269053776
PN10,C0_LR,PN10-2.edf,0.99764567392583869,73.670759409954854,70.620689655172413,77.380352644836279,0.814453125,74.20289855072464,0.40408680465671815,0.72248646595493704,0.82788530680759431
PN10,C0_LR,PN10-3.edf,0.96938186019641825,69.34537246049662,67.368421052631575,71.27610208816705,0.865234375,69.34537246049662,0.49438835397688574,0.71317316240221329,0.76770565764657761
PN10,C0_LR,PN10-4.5.6.edf,0.99487643158529238,75.945727906123949,73.142857142857139,79.896103896103895,0.7900390625,75.945727906123949,0.40047254822206096,0.78974477844772661,0.97795271390731175
PN10,C0_LR,PN10-7.8.9.edf,0.9882510909701242,78.167938931297712,74.926829268292678,82.139037433155082,0.767578125,77.969543147208128,0.35253363294202161,0.79207321490560734,0.93678926472622559
PN10,C1_RF,PN10-1.edf,0.051385390428211587,74.926829268292678,72.796208530805686,77.97569651030598,0.80078125,73.317422434367543,0.30623892245932116,0.45603866050405234,0.57572939112953692
PN10,C1_RF,PN10-10.edf,1,84.222504645590192,75.479115479115478,91.976047904191617,0.71240234375,82.803234501347703,0.01274862484773787,0.56474230206682563,0.74862211483488339
PN10,C1_RF,PN10-2.edf,0.99764567392583869,73.670759409954854,70.620689655172413,77.380352644836279,0.814453125,74.20289855072464,0.13606133137134513,0.55300403178239954,0.7252907484138742
PN10,C1_RF,PN10-3.edf,0.96938186019641825,69.34537246049662,67.368421052631575,71.27610208816705,0.865234375,69.34537246049662,0.25969541075239144,0.50245600777064214,0.57211354201622711
PN10,C1_RF,PN10-4.5.6.edf,0.99487643158529238,75.945727906123949,73.142857142857139,79.896103896103895,0.7900390625,75.945727906123949,0.18671667254650973,0.50677282081989405,0.59231256126806597
PN10,C1_RF,PN10-7.8.9.edf,0.9882510909701242,78.167938931297712,74.926829268292678,82.139037433155082,0.767578125,77.969543147208128,0.029269428153064821,0.76934318690860837,0.83879517866522946
PN12,C0_LR,PN12-1.2.edf,0.89397838394235718,70.946882217090064,66.928104575163403,73.669064748201436,0.845703125,71.27610208816705,0.22849977362797819,0.87417551666360638,0.96360395582322067
PN12,C0_LR,PN12-3.edf,0.9015544041450777,73.935125115847995,69.818181818181813,76.608478802992522,0.8115234375,73.317422434367543,0.22071804027290559,0.93816211870454702,0.9958437686148125
PN12,C0_LR,PN12-4.edf,1,67.074235807860262,65.852165681778501,68.724832214765101,0.89453125,66.928104575163403,0.1022369973768856,0.52384267426591724,0.76769078392635748
PN12,C1_RF,PN12-1.2.edf,0.89397838394235718,70.946882217090064,66.928104575163403,73.669064748201436,0.845703125,71.27610208816705,0.054775200460654955,0.39088523541514564,0.60725336518491368
PN12,C1_RF,PN12-3.edf,0.9015544041450777,73.935125115847995,69.818181818181813,76.608478802992522,0.8115234375,73.317422434367543,0.050960211888148296,0.27934011854452834,0.50409021416815625
PN12,C1_RF,PN12-4.edf,1,67.074235807860262,65.852165681778501,68.724832214765101,0.89453125,66.928104575163403,0.0086467252438511936,0.3449848934061186,0.66805596288264946
PN14,C0_LR,PN14-1.edf,1,66.637744034707154,62.822085889570552,69.739022881880032,0.900390625,66.278394280181729,0.058593044681444037,0.95641784107903738,0.99122203468483505
PN14,C0_LR,PN14-2.edf,1,67.074235807860262,65.641025641025635,69.111448527178865,0.89453125,67.516483516483518,0.25596579786061824,0.93451908286656338,0.98205690024871206
PN14,C0_LR,PN14-3.edf,0.99213067843090497,66.493506493506487,60.771572809454852,77.77215189873418,0.90234375,66.493506493506487,0.27019971516379676,0.84586962279442335,0.9392069323766391
PN14,C0_LR,PN14-4.edf,0.98800137127185461,84.395604395604394,68.724832214765101,89.562682215743436,0.7109375,84.628099173553721,0.19158384341257553,0.71094199219497589,0.88545882933655706
PN14,C1_RF,PN14-1.edf,1,66.637744034707154,62.822085889570552,69.739022881880032,0.900390625,66.278394280181729,0.0065594849904273538,0.89835474902431012,0.93150315923077187
PN14,C1_RF,PN14-2.edf,1,67.074235807860262,65.641025641025635,69.111448527178865,0.89453125,67.516483516483518,0.033015990869422904,0.57847074858693082,0.69402472460748577
PN14,C1_RF,PN14-3.edf,0.99213067843090497,66.493506493506487,60.771572809454852,77.77215189873418,0.90234375,66.493506493506487,0.0090044637558085398,0.41579686328747428,0.55547271645070173
PN14,C1_RF,PN14-4.edf,0.98800137127185461,84.395604395604394,68.724832214765101,89.562682215743436,0.7109375,84.628099173553721,0.0044778105994261498,0.23490283775051521,0.48236442242367833
