events,detected,overlap_detected,false_declarations,duplicate_declarations,total_declarations,active_alarm_s,raw_s,startup_s,uncertain_s,other_unavailable_s,evaluable_s,sensitivity,overlap_sensitivity,far_per_h,missed,matched_declarations,delay_n,delay_median_s,delay_q25_s,delay_q75_s,delay_min_s,delay_max_s,warning_fraction,longest_alarm_s,window_n,window_positive,average_precision,roc_auc,patient,model,test_file,threshold,calibration_status,train_files_json,seed
1,0,0,0,0,0,0,2625,10,0,0,2615,0,0,0,1,0,0,,,,,,0,0,523,14,0.85198263515932682,0.98147628403031151,PN00,E0_LR,PN00-1.edf,1.01,nested,"[""PN00-2.edf"", ""PN00-4.edf"", ""PN00-5.edf""]",20260922
1,0,0,0,0,0,0,2302,10,0,0,2292,0,0,0,1,0,0,,,,,,0,0,459,11,0.9329004329004329,0.9937094155844155,PN00,E0_LR,PN00-2.edf,1.01,nested,"[""PN00-1.edf"", ""PN00-4.edf"", ""PN00-5.edf""]",20260922
1,0,0,0,0,0,0,2102,10,0,0,2092,0,0,0,1,0,0,,,,,,0,0,419,14,0.82626024752886307,0.93738977072310403,PN00,E0_LR,PN00-4.edf,1.01,nested,"[""PN00-1.edf"", ""PN00-2.edf"", ""PN00-5.edf""]",20260922
1,0,0,0,0,0,0,2143,10,0,0,2133,0,0,0,1,0,0,,,,,,0,0,427,14,0.64166638426860412,0.90729851262538919,PN00,E0_LR,PN00-5.edf,1.01,nested,"[""PN00-1.edf"", ""PN00-2.edf"", ""PN00-4.edf""]",20260922
1,1,1,1,0,2,70,2625,10,0,0,2615,1,1,1.3766730401529637,0,1,1,22,22,22,22,22,0.02676864244741874,60,523,14,0.78997727279082619,0.91720460286275629,PN00,E1_RF,PN00-1.edf,0.80000000000000004,nested,"[""PN00-2.edf"", ""PN00-4.edf"", ""PN00-5.edf""]",20260922
1,1,1,0,0,1,50,2302,10,0,0,2292,1,1,0,0,1,1,15,15,15,15,15,0.02181500872600349,50,459,11,0.83975468975468992,0.99066558441558439,PN00,E1_RF,PN00-2.edf,0.90000000000000002,nested,"[""PN00-1.edf"", ""PN00-4.edf"", ""PN00-5.edf""]",20260922
1,1,1,0,0,1,25,2102,10,0,0,2092,1,1,0,0,1,1,29,29,29,29,29,0.011950286806883365,25,419,14,0.84215853995827039,0.96296296296296291,PN00,E1_RF,PN00-4.edf,0.84999999999999998,nested,"[""PN00-1.edf"", ""PN00-2.edf"", ""PN00-5.edf""]",20260922
1,1,1,0,0,1,60,2143,10,0,0,2133,1,1,0,0,1,1,16,16,16,16,16,0.028129395218002812,60,427,14,0.89238006479385779,0.99221722587340022,PN00,E1_RF,PN00-5.edf,0.90000000000000002,nested,"[""PN00-1.edf"", ""PN00-2.edf"", ""PN00-4.edf""]",20260922
1,0,0,0,0,0,0,9615,10,0,0,9605,0,0,0,1,0,0,,,,,,0,0,1921,13,0.47599888647540439,0.86393323657474597,PN06,E0_LR,PN06-1.edf,1.01,nested,"[""PN06-2.edf"", ""PN06-3.edf"", ""PN06-4.edf"", ""PN06-5.edf""]",20260922
1,0,0,0,0,0,0,12620,10,0,0,12610,0,0,0,1,0,0,,,,,,0,0,2522,14,0.096129041416759611,0.96320346320346317,PN06,E0_LR,PN06-2.edf,1.01,nested,"[""PN06-1.edf"", ""PN06-3.edf"", ""PN06-4.edf"", ""PN06-5.edf""]",20260922
1,0,0,0,0,0,0,8180,10,0,0,8170,0,0,0,1,0,0,,,,,,0,0,1634,9,0.30472298175471901,0.97613675213675211,PN06,E0_LR,PN06-3.edf,1.01,nested,"[""PN06-1.edf"", ""PN06-2.edf"", ""PN06-4.edf"", ""PN06-5.edf""]",20260922
1,0,0,0,0,0,0,7025,10,0,0,7015,0,0,0,1,0,0,,,,,,0,0,1403,13,0.22697198655933482,0.87443276148312121,PN06,E0_LR,PN06-4.edf,1.01,nested,"[""PN06-1.edf"", ""PN06-2.edf"", ""PN06-3.edf"", ""PN06-5.edf""]",20260922
1,0,0,0,0,0,0,6022,10,0,0,6012,0,0,0,1,0,0,,,,,,0,0,1203,9,0.060825737217964193,0.63121161362367395,PN06,E0_LR,PN06-5.edf,1.01,nested,"[""PN06-1.edf"", ""PN06-2.edf"", ""PN06-3.edf"", ""PN06-4.edf""]",20260922
1,1,1,0,0,1,20,9615,10,0,0,9605,1,1,0,0,1,1,42,42,42,42,42,0.0020822488287350338,20,1921,13,0.38197221711294554,0.88145057248830827,PN06,E1_RF,PN06-1.edf,0.94999999999999996,nested,"[""PN06-2.edf"", ""PN06-3.edf"", ""PN06-4.edf"", ""PN06-5.edf""]",20260922
1,1,1,1,1,2,30,12620,10,0,0,12610,1,1,0.28548770816812052,0,1,1,10,10,10,10,10,0.0023790642347343376,20,2522,14,0.59025928946947614,0.98385167464114831,PN06,E1_RF,PN06-2.edf,0.94999999999999996,nested,"[""PN06-1.edf"", ""PN06-3.edf"", ""PN06-4.edf"", ""PN06-5.edf""]",20260922
1,0,0,1,0,1,10,8180,10,0,0,8170,0,0,0.44063647490820074,1,0,0,,,,,,0.0012239902080783353,10,1634,9,0.059898363070856955,0.95364102564102582,PN06,E1_RF,PN06-3.edf,0.94999999999999996,nested,"[""PN06-1.edf"", ""PN06-2.edf"", ""PN06-4.edf"", ""PN06-5.edf""]",20260922
1,1,1,1,0,2,25,7025,10,0,0,7015,1,1,0.51318602993585172,0,1,1,41,41,41,41,41,0.0035637918745545262,15,1403,13,0.31926647169529648,0.95700055340343104,PN06,E1_RF,PN06-4.edf,0.94999999999999996,nested,"[""PN06-1.edf"", ""PN06-2.edf"", ""PN06-3.edf"", ""PN06-5.edf""]",20260922
1,0,0,1,0,1,10,6022,10,0,0,6012,0,0,0.59880239520958078,1,0,0,,,,,,0.00166333998669328,10,1203,9,0.055857150206302705,0.85794714312302256,PN06,E1_RF,PN06-5.edf,0.94999999999999996,nested,"[""PN06-1.edf"", ""PN06-2.edf"", ""PN06-3.edf"", ""PN06-4.edf""]",20260922
1,0,0,0,0,0,0,9982,10,0,0,9972,0,0,0,1,0,0,,,,,,0,0,1995,14,0.0099069965972030452,0.2603663373476599,PN10,E0_LR,PN10-1.edf,1.01,nested,"[""PN10-10.edf"", ""PN10-2.edf"", ""PN10-3.edf"", ""PN10-4.5.6.edf"", ""PN10-7.8.9.edf""]",20260922
1,0,0,0,0,0,0,8565,10,0,0,8555,0,0,0,1,0,0,,,,,,0,0,1711,3,0.26190476190476186,0.99570647931303669,PN10,E0_LR,PN10-10.edf,1.01,nested,"[""PN10-1.edf"", ""PN10-2.edf"", ""PN10-3.edf"", ""PN10-4.5.6.edf"", ""PN10-7.8.9.edf""]",20260922
1,0,0,0,0,0,0,8554,10,21,0,8523,0,0,0,1,0,0,,,,,,0,0,1705,6,0.17826411250324292,0.86050618010594471,PN10,E0_LR,PN10-2.edf,1.01,nested,"[""PN10-1.edf"", ""PN10-10.edf"", ""PN10-3.edf"", ""PN10-4.5.6.edf"", ""PN10-7.8.9.edf""]",20260922
1,0,0,0,0,0,0,8713,10,6,5,8692,0,0,0,1,0,0,,,,,,0,0,1738,12,0.14886798225084197,0.94558709926612594,PN10,E0_LR,PN10-3.edf,1.01,nested,"[""PN10-1.edf"", ""PN10-10.edf"", ""PN10-2.edf"", ""PN10-4.5.6.edf"", ""PN10-7.8.9.edf""]",20260922
3,0,0,0,0,0,0,16648,10,0,0,16638,0,0,0,3,0,0,,,,,,0,0,3328,17,0.12420695644026124,0.9162506440208219,PN10,E0_LR,PN10-4.5.6.edf,1.01,nested,"[""PN10-1.edf"", ""PN10-10.edf"", ""PN10-2.edf"", ""PN10-3.edf"", ""PN10-7.8.9.edf""]",20260922
3,0,0,0,0,0,0,14955,10,0,105,14840,0,0,0,3,0,0,,,,,,0,0,2968,17,0.35501490788834755,0.89130304782028025,PN10,E0_LR,PN10-7.8.9.edf,1.01,nested,"[""PN10-1.edf"", ""PN10-10.edf"", ""PN10-2.edf"", ""PN10-3.edf"", ""PN10-4.5.6.edf""]",20260922
1,0,0,53,0,53,695,9982,10,0,0,9972,0,0,19.133574007220215,1,0,0,,,,,,0.069695146409947853,30,1995,14,0.0074576407872637713,0.47977212086247922,PN10,E1_RF,PN10-1.edf,0.90000000000000002,nested,"[""PN10-10.edf"", ""PN10-2.edf"", ""PN10-3.edf"", ""PN10-4.5.6.edf"", ""PN10-7.8.9.edf""]",20260922
1,0,0,0,0,0,0,8565,10,0,0,8555,0,0,0,1,0,0,,,,,,0,0,1711,3,0.18513071895424835,0.97248243559718961,PN10,E1_RF,PN10-10.edf,1.01,nested,"[""PN10-1.edf"", ""PN10-2.edf"", ""PN10-3.edf"", ""PN10-4.5.6.edf"", ""PN10-7.8.9.edf""]",20260922
1,0,0,0,0,0,0,8554,10,21,0,8523,0,0,0,1,0,0,,,,,,0,0,1705,6,0.039314627409020808,0.76898175397292523,PN10,E1_RF,PN10-2.edf,1.01,nested,"[""PN10-1.edf"", ""PN10-10.edf"", ""PN10-3.edf"", ""PN10-4.5.6.edf"", ""PN10-7.8.9.edf""]",20260922
1,1,1,0,0,1,10,8713,10,6,5,8692,1,1,0,0,1,1,50,50,50,50,50,0.0011504832029452369,10,1738,12,0.33563173452717815,0.96432020084974901,PN10,E1_RF,PN10-3.edf,0.94999999999999996,nested,"[""PN10-1.edf"", ""PN10-10.edf"", ""PN10-2.edf"", ""PN10-4.5.6.edf"", ""PN10-7.8.9.edf""]",20260922
3,0,0,0,0,0,0,16648,10,0,0,16638,0,0,0,3,0,0,,,,,,0,0,3328,17,0.22599471386510342,0.88373869632419566,PN10,E1_RF,PN10-4.5.6.edf,1.01,nested,"[""PN10-1.edf"", ""PN10-10.edf"", ""PN10-2.edf"", ""PN10-3.edf"", ""PN10-7.8.9.edf""]",20260922
3,0,0,0,0,0,0,14955,10,0,105,14840,0,0,0,3,0,0,,,,,,0,0,2968,17,0.21229786268599254,0.89397412641776464,PN10,E1_RF,PN10-7.8.9.edf,1.01,nested,"[""PN10-1.edf"", ""PN10-10.edf"", ""PN10-2.edf"", ""PN10-3.edf"", ""PN10-4.5.6.edf""]",20260922
2,0,0,0,0,0,0,9774,10,0,0,9764,0,0,0,2,0,0,,,,,,0,0,1953,26,0.27959062602519263,0.94942317671949228,PN12,E0_LR,PN12-1.2.edf,1.01,nested,"[""PN12-3.edf"", ""PN12-4.edf""]",20260922
1,1,1,11,1,12,200,1989,10,0,0,1979,1,1,20.01010611419909,0,1,1,13,13,13,13,13,0.10106114199090449,50,396,19,0.64348455159023332,0.87561077760714789,PN12,E0_LR,PN12-3.edf,0.94999999999999996,nested,"[""PN12-1.2.edf"", ""PN12-4.edf""]",20260922
1,0,0,0,0,0,0,10194,10,0,0,10184,0,0,0,1,0,0,,,,,,0,0,2037,12,0.9866452991452993,0.99991769547325104,PN12,E0_LR,PN12-4.edf,1.01,nested,"[""PN12-1.2.edf"", ""PN12-3.edf""]",20260922
2,2,2,2,2,4,70,9774,10,0,0,9764,1,1,0.73740270380991402,0,2,2,21.5,19.75,23.25,18,25,0.0071691929537074971,35,1953,26,0.642378389317384,0.91915492395513154,PN12,E1_RF,PN12-1.2.edf,0.94999999999999996,nested,"[""PN12-3.edf"", ""PN12-4.edf""]",20260922
1,1,1,0,0,1,45,1989,10,0,0,1979,1,1,0,0,1,1,13,13,13,13,13,0.022738756947953513,45,396,19,0.67439303833005271,0.96830936758341479,PN12,E1_RF,PN12-3.edf,0.84999999999999998,nested,"[""PN12-1.2.edf"", ""PN12-4.edf""]",20260922
1,1,1,0,0,1,55,10194,10,0,0,10184,1,1,0,0,1,1,18,18,18,18,18,0.0054006284367635509,55,2037,12,0.86079764733640074,0.97148148148148139,PN12,E1_RF,PN12-4.edf,0.90000000000000002,nested,"[""PN12-1.2.edf"", ""PN12-3.edf""]",20260922
1,0,0,0,0,0,0,7868,10,0,0,7858,0,0,0,1,0,0,,,,,,0,0,1572,5,0.0022636030863856672,0.206509253350351,PN14,E0_LR,PN14-1.edf,1.01,nested,"[""PN14-2.edf"", ""PN14-3.edf"", ""PN14-4.edf""]",20260922
1,0,0,0,0,0,0,9165,10,0,0,9155,0,0,0,1,0,0,,,,,,0,0,1831,3,0.032617182089041005,0.66283734500364699,PN14,E0_LR,PN14-2.edf,1.01,nested,"[""PN14-1.edf"", ""PN14-3.edf"", ""PN14-4.edf""]",20260922
1,0,0,0,0,0,0,41995,10,0,0,41985,0,0,0,1,0,0,,,,,,0,0,8397,9,0.0053599169507594973,0.54046786414454517,PN14,E0_LR,PN14-3.edf,1.01,nested,"[""PN14-1.edf"", ""PN14-2.edf"", ""PN14-4.edf""]",20260922
1,0,0,0,0,0,0,14642,10,0,5,14627,0,0,0,1,0,0,,,,,,0,0,2926,17,0.30635415962037676,0.51973591086486148,PN14,E0_LR,PN14-4.edf,1.01,nested,"[""PN14-1.edf"", ""PN14-2.edf"", ""PN14-3.edf""]",20260922
1,0,0,1,0,1,10,7868,10,0,0,7858,0,0,0.45813184016289132,1,0,0,,,,,,0.0012725884448969204,10,1572,5,0.037677063108642661,0.83490746649649017,PN14,E1_RF,PN14-1.edf,0.90000000000000002,nested,"[""PN14-2.edf"", ""PN14-3.edf"", ""PN14-4.edf""]",20260922
1,0,0,0,0,0,0,9165,10,0,0,9155,0,0,0,1,0,0,,,,,,0,0,1831,3,0.031315380414233498,0.70113056163384391,PN14,E1_RF,PN14-2.edf,0.94999999999999996,nested,"[""PN14-1.edf"", ""PN14-3.edf"", ""PN14-4.edf""]",20260922
1,1,1,8,0,9,95,41995,10,0,0,41985,1,1,0.68595927116827438,0,1,1,30,30,30,30,30,0.0022627128736453497,15,8397,9,0.15839233713942427,0.63402744661686006,PN14,E1_RF,PN14-3.edf,0.69999999999999996,nested,"[""PN14-1.edf"", ""PN14-2.edf"", ""PN14-4.edf""]",20260922
1,0,0,0,0,0,0,14642,10,0,5,14627,0,0,0,1,0,0,,,,,,0,0,2926,17,0.23073020521934218,0.89737730774674951,PN14,E1_RF,PN14-4.edf,1.01,nested,"[""PN14-1.edf"", ""PN14-2.edf"", ""PN14-3.edf""]",20260922
