patient,test_file,model,n_test,n_positive,n_negative,roc_auc,average_precision,sensitivity_at_0_5,precision_at_0_5,f1_at_0_5,balanced_accuracy_at_0_5
PN00,PN00-1.edf,EEG_only,394,14,380,0.9343984962406016,0.8491059116853836,0.7857142857142857,1.0,0.88,0.8928571428571428
PN00,PN00-1.edf,ECG_only,394,14,380,0.7648496240601504,0.08766000479177029,0.0,0.0,0.0,0.5
PN00,PN00-1.edf,Early_fusion,394,14,380,0.9473684210526316,0.8413044833821787,0.7142857142857143,1.0,0.8333333333333334,0.8571428571428572
PN00,PN00-1.edf,Late_fusion_alpha_0.5,394,14,380,0.9434210526315789,0.8337024247428872,0.5,1.0,0.6666666666666666,0.75
PN00,PN00-2.edf,EEG_only,329,11,318,0.9908519153802173,0.8513708513708513,0.6363636363636364,1.0,0.7777777777777778,0.8181818181818181
PN00,PN00-2.edf,ECG_only,329,11,318,0.8502001143510578,0.12280408926862015,0.0,0.0,0.0,0.4968553459119497
PN00,PN00-2.edf,Early_fusion,329,11,318,0.9879931389365352,0.8171230942970074,0.6363636363636364,1.0,0.7777777777777778,0.8181818181818181
PN00,PN00-2.edf,Late_fusion_alpha_0.5,329,11,318,0.9819897084048028,0.8188431938431939,0.6363636363636364,1.0,0.7777777777777778,0.8181818181818181
PN00,PN00-3.edf,EEG_only,370,13,357,0.8780435251023486,0.6544031458737342,0.6923076923076923,0.16666666666666666,0.26865671641791045,0.7831286360698125
PN00,PN00-3.edf,ECG_only,370,13,357,0.7515621633268692,0.06944200113048873,1.0,0.08024691358024691,0.14857142857142858,0.7913165266106443
PN00,PN00-3.edf,Early_fusion,370,13,357,0.8728722258134023,0.6461459405273773,0.6923076923076923,0.15254237288135594,0.25,0.7761258349493644
PN00,PN00-3.edf,Late_fusion_alpha_0.5,370,13,357,0.8998060762766645,0.4524778473670495,0.7692307692307693,0.10869565217391304,0.19047619047619047,0.7697694462400345
PN00,PN00-4.edf,EEG_only,289,15,274,0.9861313868613139,0.8795972155799989,0.4,1.0,0.5714285714285714,0.7
PN00,PN00-4.edf,ECG_only,289,15,274,0.8980535279805353,0.2808197483827426,0.26666666666666666,0.3333333333333333,0.2962962962962963,0.6187347931873479
PN00,PN00-4.edf,Early_fusion,289,15,274,0.9817518248175183,0.8776185687950393,0.4666666666666667,1.0,0.6363636363636364,0.7333333333333334
PN00,PN00-4.edf,Late_fusion_alpha_0.5,289,15,274,0.9822384428223844,0.8583081170037692,0.4666666666666667,1.0,0.6363636363636364,0.7333333333333334
PN00,PN00-5.edf,EEG_only,297,14,283,0.9921756688541141,0.9389880952380951,0.7857142857142857,1.0,0.88,0.8928571428571428
PN00,PN00-5.edf,ECG_only,297,14,283,0.9353861686017163,0.43663009592935587,0.0,0.0,0.0,0.5
PN00,PN00-5.edf,Early_fusion,297,14,283,0.99444724886421,0.9365689865689866,0.7857142857142857,1.0,0.88,0.8928571428571428
PN00,PN00-5.edf,Late_fusion_alpha_0.5,297,14,283,0.9924280666330138,0.9186974789915965,0.5714285714285714,1.0,0.7272727272727273,0.7857142857142857
