events,detected,overlap_detected,false_declarations,duplicate_declarations,total_declarations,active_alarm_s,raw_s,startup_s,uncertain_s,other_unavailable_s,evaluable_s,sensitivity,overlap_sensitivity,far_per_h,missed,matched_declarations,delay_n,delay_median_s,delay_q25_s,delay_q75_s,delay_min_s,delay_max_s,warning_fraction,longest_alarm_s,threshold,feasible,selected,patient,test_file
3,1,3,80,0,81,3815,6547,30,0,0,6517,0.33333333333333331,1,44.192112935399727,2,1,1,1,1,1,1,1,0.5853920515574651,355,0.050000000000000003,False,False,PN00,PN00-1.edf
3,1,3,85,0,86,2797,6547,30,0,0,6517,0.33333333333333331,1,46.954119993862207,2,1,1,1,1,1,1,1,0.42918520791775355,265,0.10000000000000001,False,False,PN00,PN00-1.edf
3,1,3,71,0,72,2137,6547,30,0,0,6517,0.33333333333333331,1,39.220500230167254,2,1,1,1,1,1,1,1,0.32791161577412919,235,0.14999999999999999,False,False,PN00,PN00-1.edf
3,2,3,49,0,51,1667,6547,30,0,0,6517,0.66666666666666663,1,27.06766917293233,1,2,2,0.5,0.25,0.75,0,1,0.25579254258094214,235,0.20000000000000001,False,False,PN00,PN00-1.edf
3,2,3,42,1,44,1420,6547,30,0,0,6517,0.66666666666666663,1,23.200859291084853,1,2,2,0.5,0.25,0.75,0,1,0.21789166794537365,230,0.25,False,False,PN00,PN00-1.edf
3,2,3,34,1,36,1205,6547,30,0,0,6517,0.66666666666666663,1,18.781647997544884,1,2,2,0.5,0.25,0.75,0,1,0.18490102808040509,220,0.29999999999999999,False,False,PN00,PN00-1.edf
3,3,3,35,1,38,1025,6547,30,0,0,6517,1,1,19.33404940923738,0,3,3,1,0.5,7.5,0,14,0.15728095749578028,205,0.34999999999999998,False,False,PN00,PN00-1.edf
3,3,3,27,0,30,850,6547,30,0,0,6517,1,1,14.914838115697407,0,3,3,14,7,15,0,16,0.13042811109406169,125,0.40000000000000002,False,False,PN00,PN00-1.edf
3,3,3,23,0,26,730,6547,30,0,0,6517,1,1,12.70523246892742,0,3,3,14,7,15,0,16,0.1120147307043118,125,0.45000000000000001,False,False,PN00,PN00-1.edf
3,3,3,18,0,21,565,6547,30,0,0,6517,1,1,9.9432254104649385,0,3,3,16,10.5,17.5,5,19,0.086696332668405707,100,0.5,False,False,PN00,PN00-1.edf
3,3,3,15,0,18,450,6547,30,0,0,6517,1,1,8.2860211753874484,0,3,3,16,10.5,17.5,5,19,0.069050176461562071,80,0.55000000000000004,False,False,PN00,PN00-1.edf
3,3,3,7,0,10,295,6547,30,0,0,6517,1,1,3.8668098818474759,0,3,3,16,13,17.5,10,19,0.045266226791468467,75,0.59999999999999998,False,False,PN00,PN00-1.edf
3,3,3,2,0,5,225,6547,30,0,0,6517,1,1,1.1048028233849931,0,3,3,16,13,17.5,10,19,0.034525088230781036,70,0.65000000000000002,False,False,PN00,PN00-1.edf
3,3,3,1,0,4,210,6547,30,0,0,6517,1,1,0.55240141169249657,0,3,3,16,13,20,10,24,0.032223415682062301,65,0.69999999999999996,True,False,PN00,PN00-1.edf
3,3,3,1,0,4,200,6547,30,0,0,6517,1,1,0.55240141169249657,0,3,3,16,13,20,10,24,0.030688967316249809,65,0.75,True,False,PN00,PN00-1.edf
3,3,3,1,1,4,150,6547,30,0,0,6517,1,1,0.55240141169249657,0,3,3,21,18,22.5,15,24,0.023016725487187355,55,0.80000000000000004,True,False,PN00,PN00-1.edf
3,3,3,0,0,3,135,6547,30,0,0,6517,1,1,0,0,3,3,21,18,25,15,29,0.02071505293846862,55,0.84999999999999998,True,True,PN00,PN00-1.edf
3,3,3,0,0,3,110,6547,30,0,0,6517,1,1,0,0,3,3,29,24.5,32.5,20,36,0.016878932023937393,45,0.90000000000000002,True,False,PN00,PN00-1.edf
3,3,3,0,0,3,95,6547,30,0,0,6517,1,1,0,0,3,3,34,27,37.5,20,41,0.014577259475218658,45,0.94999999999999996,True,False,PN00,PN00-1.edf
3,0,0,0,0,0,0,6547,30,0,0,6517,0,0,0,3,0,0,,,,,,0,0,1.01,True,False,PN00,PN00-1.edf
3,1,3,89,0,90,4285,6870,30,0,0,6840,0.33333333333333331,1,46.842105263157897,2,1,1,12,12,12,12,12,0.62646198830409361,610,0.050000000000000003,False,False,PN00,PN00-2.edf
3,2,3,87,0,89,3273,6870,30,0,0,6840,0.66666666666666663,1,45.789473684210527,1,2,2,13,12.5,13.5,12,14,0.47850877192982455,315,0.10000000000000001,False,False,PN00,PN00-2.edf
3,2,3,68,0,70,2698,6870,30,0,0,6840,0.66666666666666663,1,35.789473684210527,1,2,2,13,12.5,13.5,12,14,0.39444444444444443,305,0.14999999999999999,False,False,PN00,PN00-2.edf
3,2,3,66,0,68,2388,6870,30,0,0,6840,0.66666666666666663,1,34.736842105263158,1,2,2,13,12.5,13.5,12,14,0.34912280701754383,240,0.20000000000000001,False,False,PN00,PN00-2.edf
3,2,3,58,0,60,2018,6870,30,0,0,6840,0.66666666666666663,1,30.526315789473685,1,2,2,13,12.5,13.5,12,14,0.29502923976608186,235,0.25,False,False,PN00,PN00-2.edf
3,2,3,60,0,62,1838,6870,30,0,0,6840,0.66666666666666663,1,31.578947368421051,1,2,2,13,12.5,13.5,12,14,0.26871345029239768,130,0.29999999999999999,False,False,PN00,PN00-2.edf
3,2,3,56,0,58,1568,6870,30,0,0,6840,0.66666666666666663,1,29.473684210526315,1,2,2,13,12.5,13.5,12,14,0.22923976608187135,110,0.34999999999999998,False,False,PN00,PN00-2.edf
3,3,3,51,0,54,1088,6870,30,0,0,6840,1,1,26.842105263157894,0,3,3,12,6.5,13,1,14,0.15906432748538013,80,0.40000000000000002,False,False,PN00,PN00-2.edf
3,3,3,38,0,41,780,6870,30,0,0,6840,1,1,20,0,3,3,14,7.5,15.5,1,17,0.11403508771929824,80,0.45000000000000001,False,False,PN00,PN00-2.edf
3,3,3,18,0,21,525,6870,30,0,0,6840,1,1,9.473684210526315,0,3,3,14,10,15.5,6,17,0.076754385964912283,80,0.5,False,False,PN00,PN00-2.edf
3,3,3,12,0,15,415,6870,30,0,0,6840,1,1,6.3157894736842106,0,3,3,16,15,16.5,14,17,0.060672514619883038,75,0.55000000000000004,False,False,PN00,PN00-2.edf
3,3,3,8,0,11,330,6870,30,0,0,6840,1,1,4.2105263157894735,0,3,3,17,16.5,18,16,19,0.048245614035087717,65,0.59999999999999998,False,False,PN00,PN00-2.edf
3,3,3,3,0,6,275,6870,30,0,0,6840,1,1,1.5789473684210527,0,3,3,17,16.5,18,16,19,0.040204678362573097,65,0.65000000000000002,False,False,PN00,PN00-2.edf
3,3,3,1,0,4,230,6870,30,0,0,6840,1,1,0.52631578947368418,0,3,3,19,17.5,20.5,16,22,0.033625730994152045,65,0.69999999999999996,True,True,PN00,PN00-2.edf
3,3,3,3,0,6,205,6870,30,0,0,6840,1,1,1.5789473684210527,0,3,3,22,19,25.5,16,29,0.029970760233918127,65,0.75,False,False,PN00,PN00-2.edf
3,3,3,2,0,5,160,6870,30,0,0,6840,1,1,1.0526315789473684,0,3,3,26,24,27.5,22,29,0.023391812865497075,60,0.80000000000000004,False,False,PN00,PN00-2.edf
3,3,3,4,2,7,145,6870,30,0,0,6840,1,1,2.1052631578947367,0,3,3,26,24,27.5,22,29,0.021198830409356724,40,0.84999999999999998,False,False,PN00,PN00-2.edf
3,3,3,1,0,4,90,6870,30,0,0,6840,1,1,0.52631578947368418,0,3,3,37,33,41.5,29,46,0.013157894736842105,35,0.90000000000000002,True,False,PN00,PN00-2.edf
3,2,2,0,0,2,55,6870,30,0,0,6840,0.66666666666666663,0.66666666666666663,0,1,2,2,33,31,35,29,37,0.0080409356725146194,30,0.94999999999999996,True,False,PN00,PN00-2.edf
3,0,0,0,0,0,0,6870,30,0,0,6840,0,0,0,3,0,0,,,,,,0,0,1.01,True,False,PN00,PN00-2.edf
3,0,3,97,0,97,4443,7070,30,0,0,7040,0,1,49.602272727272727,3,0,0,,,,,,0.63110795454545454,410,0.050000000000000003,False,False,PN00,PN00-4.edf
3,2,3,100,0,102,3048,7070,30,0,0,7040,0.66666666666666663,1,51.136363636363633,1,2,2,1.5,1.25,1.75,1,2,0.43295454545454548,325,0.10000000000000001,False,False,PN00,PN00-4.edf
3,2,3,84,0,86,2428,7070,30,0,0,7040,0.66666666666666663,1,42.954545454545453,1,2,2,6.5,3.75,9.25,1,12,0.34488636363636366,300,0.14999999999999999,False,False,PN00,PN00-4.edf
3,2,3,67,0,69,1990,7070,30,0,0,7040,0.66666666666666663,1,34.261363636363633,1,2,2,6.5,3.75,9.25,1,12,0.28267045454545453,295,0.20000000000000001,False,False,PN00,PN00-4.edf
3,3,3,56,0,59,1675,7070,30,0,0,7040,1,1,28.636363636363637,0,3,3,1,0.5,6.5,0,12,0.23792613636363635,295,0.25,False,False,PN00,PN00-4.edf
3,3,3,45,0,48,1450,7070,30,0,0,7040,1,1,23.011363636363637,0,3,3,1,0.5,6.5,0,12,0.20596590909090909,295,0.29999999999999999,False,False,PN00,PN00-4.edf
3,3,3,39,1,42,1240,7070,30,0,0,7040,1,1,19.943181818181817,0,3,3,5,3,8.5,1,12,0.17613636363636365,295,0.34999999999999998,False,False,PN00,PN00-4.edf
3,3,3,36,1,39,1085,7070,30,0,0,7040,1,1,18.40909090909091,0,3,3,5,3,8.5,1,12,0.15411931818181818,295,0.40000000000000002,False,False,PN00,PN00-4.edf
3,3,3,31,0,34,830,7070,30,0,0,7040,1,1,15.852272727272727,0,3,3,12,8.5,14,5,16,0.11789772727272728,220,0.45000000000000001,False,False,PN00,PN00-4.edf
3,3,3,20,0,23,625,7070,30,0,0,7040,1,1,10.227272727272727,0,3,3,12,8.5,14,5,16,0.088778409090909088,100,0.5,False,False,PN00,PN00-4.edf
3,3,3,14,0,17,480,7070,30,0,0,7040,1,1,7.1590909090909092,0,3,3,12,8.5,14,5,16,0.068181818181818177,90,0.55000000000000004,False,False,PN00,PN00-4.edf
3,3,3,11,0,14,355,7070,30,0,0,7040,1,1,5.625,0,3,3,12,8.5,14,5,16,0.05042613636363636,70,0.59999999999999998,False,False,PN00,PN00-4.edf
3,3,3,8,0,11,295,7070,30,0,0,7040,1,1,4.0909090909090908,0,3,3,16,10.5,16.5,5,17,0.041903409090909088,70,0.65000000000000002,False,False,PN00,PN00-4.edf
3,3,3,4,0,7,220,7070,30,0,0,7040,1,1,2.0454545454545454,0,3,3,20,18,21,16,22,0.03125,65,0.69999999999999996,False,False,PN00,PN00-4.edf
3,3,3,1,0,4,190,7070,30,0,0,7040,1,1,0.51136363636363635,0,3,3,20,18,21,16,22,0.026988636363636364,65,0.75,True,False,PN00,PN00-4.edf
3,3,3,0,0,3,175,7070,30,0,0,7040,1,1,0,0,3,3,20,18,21,16,22,0.024857954545454544,65,0.80000000000000004,True,False,PN00,PN00-4.edf
3,3,3,0,0,3,170,7070,30,0,0,7040,1,1,0,0,3,3,20,18,21,16,22,0.024147727272727272,65,0.84999999999999998,True,True,PN00,PN00-4.edf
3,3,3,1,1,4,160,7070,30,0,0,7040,1,1,0.51136363636363635,0,3,3,20,18,21,16,22,0.022727272727272728,60,0.90000000000000002,True,False,PN00,PN00-4.edf
3,3,3,1,1,4,95,7070,30,0,0,7040,1,1,0.51136363636363635,0,3,3,26,23,31.5,20,37,0.013494318181818182,45,0.94999999999999996,True,False,PN00,PN00-4.edf
3,0,0,0,0,0,0,7070,30,0,0,7040,0,0,0,3,0,0,,,,,,0,0,1.01,True,False,PN00,PN00-4.edf
3,1,3,83,0,84,4664,7029,30,0,0,6999,0.33333333333333331,1,42.691813116159452,2,1,1,12,12,12,12,12,0.66638091155879409,1580,0.050000000000000003,False,False,PN00,PN00-5.edf
3,2,3,71,0,73,3717,7029,30,0,0,6999,0.66666666666666663,1,36.519502786112305,1,2,2,13,12.5,13.5,12,14,0.53107586798114015,1210,0.10000000000000001,False,False,PN00,PN00-5.edf
3,2,3,58,0,60,3075,7029,30,0,0,6999,0.66666666666666663,1,29.832833261894557,1,2,2,13,12.5,13.5,12,14,0.43934847835405055,1040,0.14999999999999999,False,False,PN00,PN00-5.edf
3,2,3,49,0,51,2675,7029,30,0,0,6999,0.66666666666666663,1,25.203600514359195,1,2,2,13,12.5,13.5,12,14,0.38219745677953992,930,0.20000000000000001,False,False,PN00,PN00-5.edf
3,2,3,51,0,53,2410,7029,30,0,0,6999,0.66666666666666663,1,26.232318902700385,1,2,2,13,12.5,13.5,12,14,0.34433490498642666,665,0.25,False,False,PN00,PN00-5.edf
3,2,3,52,0,54,2190,7029,30,0,0,6999,0.66666666666666663,1,26.74667809687098,1,2,2,13,12.5,13.5,12,14,0.31290184312044578,400,0.29999999999999999,False,False,PN00,PN00-5.edf
3,2,3,50,0,52,1945,7029,30,0,0,6999,0.66666666666666663,1,25.71795970852979,1,2,2,13,12.5,13.5,12,14,0.277896842406058,290,0.34999999999999998,False,False,PN00,PN00-5.edf
3,2,3,53,0,55,1570,7029,30,0,0,6999,0.66666666666666663,1,27.261037291041578,1,2,2,15.5,14.75,16.25,14,17,0.22431775967995429,105,0.40000000000000002,False,False,PN00,PN00-5.edf
3,2,3,47,0,49,1190,7029,30,0,0,6999,0.66666666666666663,1,24.174882126018002,1,2,2,15.5,14.75,16.25,14,17,0.17002428918416918,85,0.45000000000000001,False,False,PN00,PN00-5.edf
3,3,3,28,1,31,735,7029,30,0,0,6999,1,1,14.402057436776682,0,3,3,17,13.5,18,10,19,0.10501500214316331,75,0.5,False,False,PN00,PN00-5.edf
3,3,3,18,1,21,510,7029,30,0,0,6999,1,1,9.258465495070725,0,3,3,17,13.5,18,10,19,0.072867552507501071,75,0.55000000000000004,False,False,PN00,PN00-5.edf
3,3,3,11,1,14,370,7029,30,0,0,6999,1,1,5.6579511358765542,0,3,3,17,13.5,18,10,19,0.052864694956422348,75,0.59999999999999998,False,False,PN00,PN00-5.edf
3,3,3,8,1,11,275,7029,30,0,0,6999,1,1,4.1148735533647667,0,3,3,22,16,23,10,24,0.039291327332476068,65,0.65000000000000002,False,False,PN00,PN00-5.edf
3,3,3,4,0,7,215,7029,30,0,0,6999,1,1,2.0574367766823833,0,3,3,24,19.5,30.5,15,37,0.03071867409629947,60,0.69999999999999996,False,False,PN00,PN00-5.edf
3,3,3,3,1,6,165,7029,30,0,0,6999,1,1,1.5430775825117875,0,3,3,24,22,30.5,20,37,0.023574796399485641,50,0.75,False,False,PN00,PN00-5.edf
3,3,3,3,1,6,150,7029,30,0,0,6999,1,1,1.5430775825117875,0,3,3,29,24.5,33,20,37,0.021431633090441493,50,0.80000000000000004,False,False,PN00,PN00-5.edf
3,3,3,0,0,3,115,7029,30,0,0,6999,1,1,0,0,3,3,29,24.5,33,20,37,0.016430918702671809,45,0.84999999999999998,True,False,PN00,PN00-5.edf
3,3,3,0,0,3,105,7029,30,0,0,6999,1,1,0,0,3,3,29,27,33,25,37,0.015002143163309044,40,0.90000000000000002,True,True,PN00,PN00-5.edf
3,3,3,0,0,3,85,7029,30,0,0,6999,1,1,0,0,3,3,35,34.5,36,34,37,0.012144592084583511,35,0.94999999999999996,True,False,PN00,PN00-5.edf
3,0,0,0,0,0,0,7029,30,0,0,6999,0,0,0,3,0,0,,,,,,0,0,1.01,True,False,PN00,PN00-5.edf
4,3,4,290,0,293,8095,33847,40,0,0,33807,0.75,1,30.881178454166296,1,3,3,0,0,6,0,12,0.23944745171118406,505,0.050000000000000003,False,False,PN06,PN06-1.edf
4,4,4,186,0,190,4950,33847,40,0,0,33807,1,1,19.806548939568728,0,4,4,11,7.5,13,0,16,0.14641938060165055,305,0.10000000000000001,False,False,PN06,PN06-1.edf
4,4,4,154,0,158,3730,33847,40,0,0,33807,1,1,16.398970627384863,0,4,4,13.5,9,15.25,0,16,0.11033217972609223,185,0.14999999999999999,False,False,PN06,PN06-1.edf
4,4,4,139,0,143,2995,33847,40,0,0,33807,1,1,14.801668293548673,0,4,4,14,9,18.25,0,25,0.088591120182210784,130,0.20000000000000001,False,False,PN06,PN06-1.edf
4,4,4,123,0,127,2425,33847,40,0,0,33807,1,1,13.09787913745674,0,4,4,14,10.25,18.25,5,25,0.071730706658384352,110,0.25,False,False,PN06,PN06-1.edf
4,4,4,100,0,104,1995,33847,40,0,0,33807,1,1,10.648682225574586,0,4,4,14,10.25,18.25,5,25,0.059011447333392496,110,0.29999999999999999,False,False,PN06,PN06-1.edf
4,4,4,83,0,87,1575,33847,40,0,0,33807,1,1,8.8384062472269065,0,4,4,16.5,13.25,19,5,25,0.046587984736888813,105,0.34999999999999998,False,False,PN06,PN06-1.edf
4,4,4,69,0,73,1225,33847,40,0,0,33807,1,1,7.347590735646464,0,4,4,16.5,13.25,19,5,25,0.036235099239802407,105,0.40000000000000002,False,False,PN06,PN06-1.edf
4,4,4,56,0,60,965,33847,40,0,0,33807,1,1,5.963262046321768,0,4,4,16.5,13.25,19,5,25,0.028544384299109653,70,0.45000000000000001,False,False,PN06,PN06-1.edf
4,4,4,48,0,52,810,33847,40,0,0,33807,1,1,5.1113674682758008,0,4,4,16.5,14.5,19,10,25,0.023959535007542818,70,0.5,False,False,PN06,PN06-1.edf
4,4,4,31,0,35,580,33847,40,0,0,33807,1,1,3.3010914899281212,0,4,4,19,14.5,22.75,10,25,0.017156210252314608,65,0.55000000000000004,False,False,PN06,PN06-1.edf
4,4,4,26,1,30,480,33847,40,0,0,33807,1,1,2.768657378649392,0,4,4,19,14.5,22.75,10,25,0.01419824296743278,65,0.59999999999999998,False,False,PN06,PN06-1.edf
4,3,3,22,1,25,390,33847,40,0,0,33807,0.75,0.75,2.3427100896264088,1,3,3,16,15.5,19,15,22,0.011536072411039135,50,0.65000000000000002,False,False,PN06,PN06-1.edf
4,3,3,19,2,22,295,33847,40,0,0,33807,0.75,0.75,2.0232496228591712,1,3,3,16,15.5,21.5,15,27,0.0087260034904013961,35,0.69999999999999996,False,False,PN06,PN06-1.edf
4,3,3,15,1,18,230,33847,40,0,0,33807,0.75,0.75,1.5973023338361878,1,3,3,27,23.5,34,20,41,0.0068033247552282076,30,0.75,False,False,PN06,PN06-1.edf
4,2,2,8,1,10,135,33847,40,0,0,33807,0.5,0.5,0.8518945780459668,2,2,2,30.5,25.25,35.75,20,41,0.003993255834590469,30,0.80000000000000004,True,False,PN06,PN06-1.edf
4,2,2,4,1,6,70,33847,40,0,0,33807,0.5,0.5,0.4259472890229834,2,2,2,30.5,25.25,35.75,20,41,0.0020705770994172805,15,0.84999999999999998,True,False,PN06,PN06-1.edf
4,2,2,2,1,4,45,33847,40,0,0,33807,0.5,0.5,0.2129736445114917,2,2,2,30.5,25.25,35.75,20,41,0.0013310852781968231,15,0.90000000000000002,True,True,PN06,PN06-1.edf
4,1,1,1,0,2,25,33847,40,0,0,33807,0.25,0.25,0.10648682225574585,3,1,1,41,41,41,41,41,0.0007394918212204573,15,0.94999999999999996,True,False,PN06,PN06-1.edf
4,0,0,0,0,0,0,33847,40,0,0,33807,0,0,0,4,0,0,,,,,,0,0,1.01,True,False,PN06,PN06-1.edf
4,3,4,259,0,262,7375,30842,40,0,0,30802,0.75,1,30.270761638854619,1,3,3,15,13.5,18.5,12,22,0.23943250438283228,395,0.050000000000000003,False,False,PN06,PN06-2.edf
4,3,4,193,0,196,4845,30842,40,0,0,30802,0.75,1,22.556976819687033,1,3,3,25,18.5,28.5,12,32,0.15729498084539964,175,0.10000000000000001,False,False,PN06,PN06-2.edf
4,3,4,174,0,177,3770,30842,40,0,0,30802,0.75,1,20.336341795987273,1,3,3,25,18.5,28.5,12,32,0.12239464969807155,145,0.14999999999999999,False,False,PN06,PN06-2.edf
4,3,4,133,0,136,2995,30842,40,0,0,30802,0.75,1,15.544445165898319,1,3,3,25,18.5,31,12,37,0.097233945847672226,145,0.20000000000000001,False,False,PN06,PN06-2.edf
4,3,4,117,0,120,2515,30842,40,0,0,30802,0.75,1,13.674436724887995,1,3,3,25,18.5,31,12,37,0.081650542172586202,140,0.25,False,False,PN06,PN06-2.edf
4,4,4,105,0,109,2230,30842,40,0,0,30802,1,1,12.271930394130251,0,4,4,21,15.5,28,11,37,0.07239789624050387,140,0.29999999999999999,False,False,PN06,PN06-2.edf
4,4,4,95,0,99,1935,30842,40,0,0,30802,1,1,11.103175118498799,0,4,4,21,15.5,28,11,37,0.062820596065190568,135,0.34999999999999998,False,False,PN06,PN06-2.edf
4,4,4,86,0,90,1680,30842,40,0,0,30802,1,1,10.051295370430491,0,4,4,21,15.5,28,11,37,0.05454191286280112,135,0.40000000000000002,False,False,PN06,PN06-2.edf
4,4,4,73,0,77,1380,30842,40,0,0,30802,1,1,8.5319135121096039,0,4,4,23.5,20.5,28,16,37,0.044802285565872346,120,0.45000000000000001,False,False,PN06,PN06-2.edf
4,4,4,63,0,67,1165,30842,40,0,0,30802,1,1,7.3631582364781512,0,4,4,23.5,20.5,28,16,37,0.037822219336406726,95,0.5,False,False,PN06,PN06-2.edf
4,4,4,50,1,54,940,30842,40,0,0,30802,1,1,5.8437763781572629,0,4,4,26,22.75,29.5,16,37,0.030517498863710149,90,0.55000000000000004,False,False,PN06,PN06-2.edf
4,4,4,40,1,44,780,30842,40,0,0,30802,1,1,4.6750211025258102,0,4,4,26,22.75,29.5,16,37,0.025323030972014805,60,0.59999999999999998,False,False,PN06,PN06-2.edf
4,4,4,34,1,38,600,30842,40,0,0,30802,1,1,3.9737679371469383,0,4,4,26,22.75,29.5,16,37,0.019479254593857541,50,0.65000000000000002,False,False,PN06,PN06-2.edf
4,2,2,24,1,26,395,30842,40,0,0,30802,0.5,0.5,2.805012661515486,2,2,2,26.5,21.25,31.75,16,37,0.012823842607622881,40,0.69999999999999996,False,False,PN06,PN06-2.edf
4,2,2,15,1,17,240,30842,40,0,0,30802,0.5,0.5,1.7531329134471787,2,2,2,26.5,21.25,31.75,16,37,0.0077917018375430165,40,0.75,False,False,PN06,PN06-2.edf
4,2,2,7,0,9,145,30842,40,0,0,30802,0.5,0.5,0.81812869294201673,2,2,2,39,38,40,37,41,0.004707486526848906,40,0.80000000000000004,True,True,PN06,PN06-2.edf
4,2,2,7,0,9,120,30842,40,0,0,30802,0.5,0.5,0.81812869294201673,2,2,2,44,42.5,45.5,41,47,0.0038958509187715083,25,0.84999999999999998,True,False,PN06,PN06-2.edf
4,1,1,5,0,6,80,30842,40,0,0,30802,0.25,0.25,0.58437763781572627,3,1,1,41,41,41,41,41,0.0025972339458476723,20,0.90000000000000002,True,False,PN06,PN06-2.edf
4,0,0,3,0,3,45,30842,40,0,0,30802,0,0,0.35062658268943575,4,0,0,,,,,,0.0014609440945393157,20,0.94999999999999996,True,False,PN06,PN06-2.edf
4,0,0,0,0,0,0,30842,40,0,0,30802,0,0,0,4,0,0,,,,,,0,0,1.01,True,False,PN06,PN06-2.edf
4,3,4,228,0,231,8755,35282,40,0,0,35242,0.75,1,23.290392145735201,1,3,3,12,8.5,19.5,5,27,0.24842517450768969,615,0.050000000000000003,False,False,PN06,PN06-3.edf
4,3,4,175,1,178,6165,35282,40,0,0,35242,0.75,1,17.876397480279213,1,3,3,17,11,27,5,37,0.17493331819987515,365,0.10000000000000001,False,False,PN06,PN06-3.edf
4,3,4,154,0,157,4980,35282,40,0,0,35242,0.75,1,15.731229782645707,1,3,3,20,18.5,28.5,17,37,0.14130866579649282,290,0.14999999999999999,False,False,PN06,PN06-3.edf
4,3,4,130,0,133,3995,35282,40,0,0,35242,0.75,1,13.279609556778844,1,3,3,25,21,31,17,37,0.11335906021224675,190,0.20000000000000001,False,False,PN06,PN06-3.edf
4,3,4,126,0,129,3485,35282,40,0,0,35242,0.75,1,12.871006185801033,1,3,3,35,26,36,17,37,0.098887690823449295,190,0.25,False,False,PN06,PN06-3.edf
4,3,4,124,0,127,3040,35282,40,0,0,35242,0.75,1,12.666704500312127,1,3,3,35,26,36,17,37,0.086260711650871125,145,0.29999999999999999,False,False,PN06,PN06-3.edf
4,4,4,108,0,112,2655,35282,40,0,0,35242,1,1,11.032291016400885,0,4,4,26,14.25,35.5,6,37,0.075336246524033826,115,0.34999999999999998,False,False,PN06,PN06-3.edf
4,4,4,103,0,107,2390,35282,40,0,0,35242,1,1,10.521536802678622,0,4,4,28.5,18,35.5,6,37,0.067816809488678284,115,0.40000000000000002,False,False,PN06,PN06-3.edf
4,4,4,91,0,95,1940,35282,40,0,0,35242,1,1,9.2957266897451909,0,4,4,31,21.75,35.5,6,37,0.055047954145621698,90,0.45000000000000001,False,False,PN06,PN06-3.edf
4,4,4,81,2,85,1530,35282,40,0,0,35242,1,1,8.2742182623006642,0,4,4,31,23,35.5,11,37,0.043414108166392372,80,0.5,False,False,PN06,PN06-3.edf
4,4,4,67,1,71,1150,35282,40,0,0,35242,1,1,6.8441064638783269,0,4,4,31,24.25,35.5,16,37,0.032631519210033481,65,0.55000000000000004,False,False,PN06,PN06-3.edf
4,4,4,52,1,56,870,35282,40,0,0,35242,1,1,5.3118438227115377,0,4,4,31,24.25,35.5,16,37,0.024686453663242722,55,0.59999999999999998,False,False,PN06,PN06-3.edf
4,4,4,37,1,41,655,35282,40,0,0,35242,1,1,3.7795811815447475,0,4,4,33.5,28,36.75,16,42,0.018585778332671245,55,0.65000000000000002,False,False,PN06,PN06-3.edf
4,3,3,24,1,27,445,35282,40,0,0,35242,0.75,0.75,2.4516202258668636,1,3,3,35,25.5,38.5,16,42,0.012626979172578174,55,0.69999999999999996,False,False,PN06,PN06-3.edf
4,3,3,19,1,22,350,35282,40,0,0,35242,0.75,0.75,1.9408660121446002,1,3,3,35,25.5,38.5,16,42,0.0099313319334884513,40,0.75,False,False,PN06,PN06-3.edf
4,3,3,12,1,15,225,35282,40,0,0,35242,0.75,0.75,1.2258101129334318,1,3,3,35,25.5,38.5,16,42,0.0063844276715282903,40,0.80000000000000004,False,False,PN06,PN06-3.edf
4,2,2,3,0,5,100,35282,40,0,0,35242,0.5,0.5,0.30645252823335795,2,2,2,38,36.5,39.5,35,41,0.0028375234095681288,35,0.84999999999999998,True,True,PN06,PN06-3.edf
4,1,1,3,0,4,75,35282,40,0,0,35242,0.25,0.25,0.30645252823335795,3,1,1,35,35,35,35,35,0.0021281425571760969,25,0.90000000000000002,True,False,PN06,PN06-3.edf
4,0,0,3,0,3,35,35282,40,0,0,35242,0,0,0.30645252823335795,4,0,0,,,,,,0.00099313319334884517,15,0.94999999999999996,True,False,PN06,PN06-3.edf
4,0,0,0,0,0,0,35282,40,0,0,35242,0,0,0,4,0,0,,,,,,0,0,1.01,True,False,PN06,PN06-3.edf
4,2,4,311,0,313,7900,36437,40,0,0,36397,0.5,1,30.760776987114323,2,2,2,22,17,27,12,32,0.21705085583976702,330,0.050000000000000003,False,False,PN06,PN06-4.edf
4,3,4,207,0,210,4955,36437,40,0,0,36397,0.75,1,20.474214907822073,1,3,3,12,6,22,0,32,0.1361375937577273,190,0.10000000000000001,False,False,PN06,PN06-4.edf
4,3,4,168,0,171,3675,36437,40,0,0,36397,0.75,1,16.616754128087479,1,3,3,12,6,22,0,32,0.10096986015330933,135,0.14999999999999999,False,False,PN06,PN06-4.edf
4,4,4,141,1,145,3020,36437,40,0,0,36397,1,1,13.946204357501992,0,4,4,8.5,3.75,18.25,0,37,0.082973871472923594,135,0.20000000000000001,False,False,PN06,PN06-4.edf
4,4,4,122,1,126,2465,36437,40,0,0,36397,1,1,12.066928593015907,0,4,4,8.5,5,18.25,5,37,0.067725361980382995,130,0.25,False,False,PN06,PN06-4.edf
4,4,4,107,2,111,1955,36437,40,0,0,36397,1,1,10.583289831579526,0,4,4,16,10.25,24.25,5,37,0.053713218122372723,80,0.29999999999999999,False,False,PN06,PN06-4.edf
4,3,3,79,0,82,1505,36437,40,0,0,36397,0.75,0.75,7.8138308102316127,1,3,3,27,16,32,5,37,0.041349561777069541,70,0.34999999999999998,False,False,PN06,PN06-4.edf
4,3,3,66,0,69,1245,36437,40,0,0,36397,0.75,0.75,6.5280105503200812,1,3,3,27,18.5,32,10,37,0.034206115888672145,70,0.40000000000000002,False,False,PN06,PN06-4.edf
4,3,3,58,0,61,1030,36437,40,0,0,36397,0.75,0.75,5.7367365442206779,1,3,3,27,21,32,15,37,0.028299035634805066,70,0.45000000000000001,False,False,PN06,PN06-4.edf
4,3,3,52,0,55,885,36437,40,0,0,36397,0.75,0.75,5.1432810396461246,1,3,3,27,21,32,15,37,0.024315190812429596,70,0.5,False,False,PN06,PN06-4.edf
4,3,3,44,0,47,745,36437,40,0,0,36397,0.75,0.75,4.3520070335467205,1,3,3,27,21,32,15,37,0.020468719949446382,70,0.55000000000000004,False,False,PN06,PN06-4.edf
4,3,3,37,0,40,640,36437,40,0,0,36397,0.75,0.75,3.6596422782097426,1,3,3,27,23.5,32,20,37,0.017583866802208973,70,0.59999999999999998,False,False,PN06,PN06-4.edf
4,3,3,26,0,29,475,36437,40,0,0,36397,0.75,0.75,2.5716405198230623,1,3,3,27,26,32,25,37,0.013050526142264473,70,0.65000000000000002,False,False,PN06,PN06-4.edf
4,3,3,21,0,24,405,36437,40,0,0,36397,0.75,0.75,2.0770942660109348,1,3,3,27,26,32,25,37,0.011127290710772866,70,0.69999999999999996,False,False,PN06,PN06-4.edf
4,3,3,18,0,21,320,36437,40,0,0,36397,0.75,0.75,1.7803665137236586,1,3,3,37,33.5,39.5,30,42,0.0087919334011044865,60,0.75,False,False,PN06,PN06-4.edf
4,3,3,12,0,15,250,36437,40,0,0,36397,0.75,0.75,1.1869110091491057,1,3,3,37,33.5,39.5,30,42,0.0068686979696128804,60,0.80000000000000004,False,False,PN06,PN06-4.edf
4,3,3,8,0,11,195,36437,40,0,0,36397,0.75,0.75,0.79127400609940379,1,3,3,37,33.5,39.5,30,42,0.0053575844162980467,50,0.84999999999999998,True,True,PN06,PN06-4.edf
4,2,2,2,0,4,95,36437,40,0,0,36397,0.5,0.5,0.19781850152485095,2,2,2,39.5,38.25,40.75,37,42,0.0026101052284528943,45,0.90000000000000002,True,False,PN06,PN06-4.edf
4,1,1,3,0,4,55,36437,40,0,0,36397,0.25,0.25,0.29672775228727644,3,1,1,37,37,37,37,37,0.0015111135533148337,20,0.94999999999999996,True,False,PN06,PN06-4.edf
4,0,0,0,0,0,0,36437,40,0,0,36397,0,0,0,4,0,0,,,,,,0,0,1.01,True,False,PN06,PN06-4.edf
4,1,4,300,0,301,9030,37440,40,0,0,37400,0.25,1,28.877005347593585,3,1,1,22,22,22,22,22,0.24144385026737969,365,0.050000000000000003,False,False,PN06,PN06-5.edf
4,3,4,227,0,230,5980,37440,40,0,0,37400,0.75,1,21.850267379679146,1,3,3,0,0,11,0,22,0.15989304812834224,195,0.10000000000000001,False,False,PN06,PN06-5.edf
4,4,4,177,0,181,4630,37440,40,0,0,37400,1,1,17.037433155080215,0,4,4,18,3.75,32.5,0,37,0.12379679144385027,160,0.14999999999999999,False,False,PN06,PN06-5.edf
4,4,4,167,0,171,4000,37440,40,0,0,37400,1,1,16.074866310160427,0,4,4,18,3.75,32.5,0,37,0.10695187165775401,140,0.20000000000000001,False,False,PN06,PN06-5.edf
4,4,4,145,1,149,3390,37440,40,0,0,37400,1,1,13.957219251336898,0,4,4,5.5,5,13.75,5,37,0.09064171122994652,140,0.25,False,False,PN06,PN06-5.edf
4,4,4,135,1,139,2880,37440,40,0,0,37400,1,1,12.994652406417112,0,4,4,5.5,5,13.75,5,37,0.077005347593582893,140,0.29999999999999999,False,False,PN06,PN06-5.edf
4,4,4,114,1,118,2375,37440,40,0,0,37400,1,1,10.973262032085561,0,4,4,15.5,12.5,21.25,5,37,0.063502673796791448,130,0.34999999999999998,False,False,PN06,PN06-5.edf
4,4,4,103,1,107,2055,37440,40,0,0,37400,1,1,9.9144385026737964,0,4,4,15.5,12.5,21.25,5,37,0.054946524064171123,90,0.40000000000000002,False,False,PN06,PN06-5.edf
4,4,4,84,1,88,1650,37440,40,0,0,37400,1,1,8.0855614973262036,0,4,4,20.5,15.75,28,15,37,0.044117647058823532,90,0.45000000000000001,False,False,PN06,PN06-5.edf
4,4,4,74,1,78,1470,37440,40,0,0,37400,1,1,7.1229946524064172,0,4,4,20.5,15.75,28,15,37,0.039304812834224601,90,0.5,False,False,PN06,PN06-5.edf
4,4,4,71,1,75,1255,37440,40,0,0,37400,1,1,6.8342245989304811,0,4,4,20.5,15.75,28,15,37,0.033556149732620319,90,0.55000000000000004,False,False,PN06,PN06-5.edf
4,3,3,57,1,60,970,37440,40,0,0,37400,0.75,0.75,5.4866310160427805,1,3,3,16,15.5,26.5,15,37,0.025935828877005348,65,0.59999999999999998,False,False,PN06,PN06-5.edf
4,3,3,48,1,51,810,37440,40,0,0,37400,0.75,0.75,4.6203208556149731,1,3,3,16,15.5,26.5,15,37,0.021657754010695186,65,0.65000000000000002,False,False,PN06,PN06-5.edf
4,3,3,36,1,39,645,37440,40,0,0,37400,0.75,0.75,3.46524064171123,1,3,3,20,18,28.5,16,37,0.017245989304812834,60,0.69999999999999996,False,False,PN06,PN06-5.edf
4,3,3,28,1,31,495,37440,40,0,0,37400,0.75,0.75,2.6951871657754012,1,3,3,20,18,28.5,16,37,0.013235294117647059,45,0.75,False,False,PN06,PN06-5.edf
4,2,2,17,0,19,310,37440,40,0,0,37400,0.5,0.5,1.6363636363636365,2,2,2,30.5,25.25,35.75,20,41,0.0082887700534759363,40,0.80000000000000004,False,False,PN06,PN06-5.edf
4,2,2,11,0,13,190,37440,40,0,0,37400,0.5,0.5,1.0588235294117647,2,2,2,30.5,25.25,35.75,20,41,0.0050802139037433155,40,0.84999999999999998,False,False,PN06,PN06-5.edf
4,2,2,4,0,6,100,37440,40,0,0,37400,0.5,0.5,0.38502673796791442,2,2,2,30.5,25.25,35.75,20,41,0.0026737967914438501,40,0.90000000000000002,True,False,PN06,PN06-5.edf
4,2,2,1,0,3,55,37440,40,0,0,37400,0.5,0.5,0.096256684491978606,2,2,2,33,29,37,25,41,0.0014705882352941176,25,0.94999999999999996,True,True,PN06,PN06-5.edf
4,0,0,0,0,0,0,37440,40,0,0,37400,0,0,0,4,0,0,,,,,,0,0,1.01,True,False,PN06,PN06-5.edf
9,5,9,946,0,951,25741,57435,50,27,110,57248,0.55555555555555558,1,59.488541084404694,4,5,5,7,6,10,1,10,0.4496401621017328,345,0.050000000000000003,False,False,PN10,PN10-1.edf
9,8,8,609,0,617,11683,57435,50,27,110,57248,0.88888888888888884,0.88888888888888884,38.296534376746784,1,8,8,6.5,5.25,7.75,2,10,0.20407699832308551,145,0.10000000000000001,False,False,PN10,PN10-1.edf
9,8,8,398,0,406,6508,57435,50,27,110,57248,0.88888888888888884,0.88888888888888884,25.027948574622695,1,8,8,7,6,8.5,2,10,0.11368082727780883,90,0.14999999999999999,False,False,PN10,PN10-1.edf
9,7,7,256,0,263,3990,57435,50,27,110,57248,0.77777777777777779,0.77777777777777779,16.098378982671885,2,7,7,8,6.5,10,2,12,0.069696757965343761,90,0.20000000000000001,False,False,PN10,PN10-1.edf
9,7,7,177,1,184,2770,57435,50,27,110,57248,0.77777777777777779,0.77777777777777779,11.130519843487981,2,7,7,8,6.5,10,2,12,0.048385969815539408,90,0.25,False,False,PN10,PN10-1.edf
9,6,6,126,1,132,2010,57435,50,27,110,57248,0.66666666666666663,0.66666666666666663,7.9234209055338178,3,6,6,8.5,6.25,10,2,12,0.035110396869759641,85,0.29999999999999999,False,False,PN10,PN10-1.edf
9,6,6,106,1,112,1650,57435,50,27,110,57248,0.66666666666666663,0.66666666666666663,6.6657350475125767,3,6,6,8.5,6.25,10,2,12,0.028821967579653437,70,0.34999999999999998,False,False,PN10,PN10-1.edf
9,6,6,79,0,85,1285,57435,50,27,110,57248,0.66666666666666663,0.66666666666666663,4.9678591391839015,3,6,6,8.5,6.25,10,2,32,0.022446198993851314,70,0.40000000000000002,False,False,PN10,PN10-1.edf
9,6,6,63,0,69,1085,57435,50,27,110,57248,0.66666666666666663,0.66666666666666663,3.9617104527669089,3,6,6,8.5,6.25,10,2,47,0.018952627166014532,70,0.45000000000000001,False,False,PN10,PN10-1.edf
9,6,6,51,0,57,910,57435,50,27,110,57248,0.66666666666666663,0.66666666666666663,3.2070989379541643,3,6,6,10.5,7.75,14,7,47,0.015895751816657349,65,0.5,False,False,PN10,PN10-1.edf
9,6,6,43,0,49,800,57435,50,27,110,57248,0.66666666666666663,0.66666666666666663,2.7040245947456678,3,6,6,13,10.25,16.5,7,47,0.013974287311347122,65,0.55000000000000004,False,False,PN10,PN10-1.edf
9,5,5,39,0,44,705,57435,50,27,110,57248,0.55555555555555558,0.55555555555555558,2.4524874231414198,4,5,5,11,10,15,7,17,0.01231484069312465,65,0.59999999999999998,False,False,PN10,PN10-1.edf
9,4,4,37,0,41,620,57435,50,27,110,57248,0.44444444444444442,0.44444444444444442,2.3267188373392957,5,4,4,18,10,26.25,7,30,0.01083007266629402,50,0.65000000000000002,False,False,PN10,PN10-1.edf
9,4,4,31,0,35,520,57435,50,27,110,57248,0.44444444444444442,0.44444444444444442,1.9494130799329235,5,4,4,18,10,26.25,7,30,0.0090832867523756283,50,0.69999999999999996,False,False,PN10,PN10-1.edf
9,4,4,25,0,29,425,57435,50,27,110,57248,0.44444444444444442,0.44444444444444442,1.5721073225265512,5,4,4,18.5,11.75,26.25,11,30,0.0074238401341531583,50,0.75,False,False,PN10,PN10-1.edf
9,4,4,20,0,24,350,57435,50,27,110,57248,0.44444444444444442,0.44444444444444442,1.2576858580212409,5,4,4,18.5,11.75,26.25,11,30,0.0061137506987143653,50,0.80000000000000004,False,False,PN10,PN10-1.edf
9,4,4,16,0,20,295,57435,50,27,110,57248,0.44444444444444442,0.44444444444444442,1.0061486864169928,5,4,4,21,11.75,30,11,30,0.0051530184460592508,50,0.84999999999999998,False,False,PN10,PN10-1.edf
9,4,4,10,2,14,185,57435,50,27,110,57248,0.44444444444444442,0.44444444444444442,0.62884292901062044,5,4,4,21,11.75,30,11,30,0.0032315539407490219,30,0.90000000000000002,True,True,PN10,PN10-1.edf
9,3,3,5,2,8,95,57435,50,27,110,57248,0.33333333333333331,0.33333333333333331,0.31442146450531022,6,3,3,35,23,35,11,35,0.0016594466182224706,20,0.94999999999999996,True,False,PN10,PN10-1.edf
9,0,0,0,0,0,0,57435,50,27,110,57248,0,0,0,9,0,0,,,,,,0,0,1.01,True,False,PN10,PN10-1.edf
9,5,9,864,0,869,31160,58852,50,27,110,58665,0.55555555555555558,1,53.019688059319869,4,5,5,7,6,10,1,10,0.53115145316628309,1995,0.050000000000000003,False,False,PN10,PN10-10.edf
9,7,8,697,0,704,18895,58852,50,27,110,58665,0.77777777777777779,0.88888888888888884,42.771669649705956,2,7,7,7,6.5,10,1,50,0.32208301372198073,1095,0.10000000000000001,False,False,PN10,PN10-10.edf
9,6,7,543,0,549,12703,58852,50,27,110,58665,0.66666666666666663,0.77777777777777779,33.321401176169779,3,6,6,8.5,7,10,6,55,0.2165345606409273,1035,0.14999999999999999,False,False,PN10,PN10-10.edf
9,6,7,446,1,452,9368,58852,50,27,110,58665,0.66666666666666663,0.77777777777777779,27.36895934543595,3,6,6,8.5,7,10,6,55,0.15968635472598652,440,0.20000000000000001,False,False,PN10,PN10-10.edf
9,7,7,370,2,377,7550,58852,50,27,110,58665,0.77777777777777779,0.77777777777777779,22.705190488366146,2,7,7,10,6.5,11,2,65,0.12869683797835166,435,0.25,False,False,PN10,PN10-10.edf
9,6,7,305,2,311,6360,58852,50,27,110,58665,0.66666666666666663,0.77777777777777779,18.716440807977499,3,6,6,8.5,6.25,10,2,12,0.10841217080030682,415,0.29999999999999999,False,False,PN10,PN10-10.edf
9,7,7,256,3,263,5530,58852,50,27,110,58665,0.77777777777777779,0.77777777777777779,15.709537202761442,2,7,7,10,6.5,10,2,12,0.094264041592090689,255,0.34999999999999998,False,False,PN10,PN10-10.edf
9,7,7,227,3,234,4975,58852,50,27,110,58665,0.77777777777777779,0.77777777777777779,13.929941191511123,2,7,7,10,6.5,10,2,12,0.084803545555271462,255,0.40000000000000002,False,False,PN10,PN10-10.edf
9,7,7,208,4,215,4570,58852,50,27,110,58665,0.77777777777777779,0.77777777777777779,12.763998977243672,2,7,7,10,8.5,10.5,2,12,0.077899940339214185,250,0.45000000000000001,False,False,PN10,PN10-10.edf
9,7,7,182,3,189,4145,58852,50,27,110,58665,0.77777777777777779,0.77777777777777779,11.168499105088213,2,7,7,10,8.5,13,2,47,0.070655416347055314,250,0.5,False,False,PN10,PN10-10.edf
9,7,7,162,2,169,3780,58852,50,27,110,58665,0.77777777777777779,0.77777777777777779,9.9411915111224758,2,7,7,11,10,16,7,47,0.064433648683201228,250,0.55000000000000004,False,False,PN10,PN10-10.edf
9,7,7,152,2,159,3535,58852,50,27,110,58665,0.77777777777777779,0.77777777777777779,9.3275377141396056,2,7,7,15,10.5,16,7,47,0.060257393675956707,245,0.59999999999999998,False,False,PN10,PN10-10.edf
9,6,6,134,1,140,3165,58852,50,27,110,58665,0.66666666666666663,0.66666666666666663,8.2229608795704419,3,6,6,13.5,11.25,16.5,10,30,0.053950396318077215,200,0.65000000000000002,False,False,PN10,PN10-10.edf
9,5,5,128,0,133,2940,58852,50,27,110,58665,0.55555555555555558,0.55555555555555558,7.8547686013807212,4,5,5,12,11,30,10,30,0.050115060086934289,175,0.69999999999999996,False,False,PN10,PN10-10.edf
9,5,5,125,0,130,2590,58852,50,27,110,58665,0.55555555555555558,0.55555555555555558,7.67067246228586,4,5,5,12,11,30,10,35,0.0441489815051564,90,0.75,False,False,PN10,PN10-10.edf
9,5,5,117,1,122,2210,58852,50,27,110,58665,0.55555555555555558,0.55555555555555558,7.1797494246995655,4,5,5,12,11,35,10,35,0.037671524759226117,85,0.80000000000000004,False,False,PN10,PN10-10.edf
9,5,5,106,1,111,1690,58852,50,27,110,58665,0.55555555555555558,0.55555555555555558,6.5047302480184097,4,5,5,12,11,35,10,35,0.028807636580584675,30,0.84999999999999998,False,False,PN10,PN10-10.edf
9,4,4,67,1,71,975,58852,50,27,110,58665,0.44444444444444442,0.44444444444444442,4.1114804397852209,5,4,4,23,10.75,35,10,35,0.016619790334952696,25,0.90000000000000002,False,False,PN10,PN10-10.edf
9,1,1,30,0,31,355,58852,50,27,110,58665,0.1111111111111111,0.1111111111111111,1.8409613909486064,8,1,1,50,50,50,50,50,0.00605130827580329,20,0.94999999999999996,False,False,PN10,PN10-10.edf
9,0,0,0,0,0,0,58852,50,27,110,58665,0,0,0,9,0,0,,,,,,0,0,1.01,True,True,PN10,PN10-10.edf
9,4,8,951,0,955,30145,58863,50,6,110,58697,0.44444444444444442,0.88888888888888884,58.32666064705181,5,4,4,8,5,10,2,10,0.51356968839974781,1045,0.050000000000000003,False,False,PN10,PN10-2.edf
9,8,8,795,1,803,16880,58863,50,6,110,58697,0.88888888888888884,0.88888888888888884,48.758880351636371,1,8,8,7,6,10,3,10,0.28757858152886862,420,0.10000000000000001,False,False,PN10,PN10-2.edf
9,8,8,533,1,541,10535,58863,50,6,110,58697,0.88888888888888884,0.88888888888888884,32.689916009336081,1,8,8,7,6,10,3,10,0.17948106376816533,335,0.14999999999999999,False,False,PN10,PN10-2.edf
9,8,8,395,0,403,7795,58863,50,6,110,58697,0.88888888888888884,0.88888888888888884,24.226110363391655,1,8,8,9,7,10,6,11,0.13280065420719969,335,0.20000000000000001,False,False,PN10,PN10-2.edf
9,7,7,299,2,306,6100,58863,50,6,110,58697,0.77777777777777779,0.77777777777777779,18.338245566212922,2,7,7,10,8.5,11,6,13,0.10392353953353664,185,0.25,False,False,PN10,PN10-2.edf
9,6,6,251,2,257,5335,58863,50,6,110,58697,0.66666666666666663,0.66666666666666663,15.394313167623558,3,6,6,10,7.75,10,6,12,0.090890505477281627,185,0.29999999999999999,False,False,PN10,PN10-2.edf
9,6,6,232,2,238,4890,58863,50,6,110,58697,0.66666666666666663,0.66666666666666663,14.229006593181934,3,6,6,10,7.75,13.75,6,32,0.083309198085081013,145,0.34999999999999998,False,False,PN10,PN10-2.edf
9,6,6,219,2,225,4590,58863,50,6,110,58697,0.66666666666666663,0.66666666666666663,13.431691568563981,3,6,6,10,7.75,13.75,6,32,0.078198204337530025,145,0.40000000000000002,False,False,PN10,PN10-2.edf
9,6,6,194,3,200,4095,58863,50,6,110,58697,0.66666666666666663,0.66666666666666663,11.898393444298687,3,6,6,11,10,14.25,6,32,0.06976506465407091,145,0.45000000000000001,False,False,PN10,PN10-2.edf
9,6,6,185,2,191,3835,58863,50,6,110,58697,0.66666666666666663,0.66666666666666663,11.346406119563181,3,6,6,13.5,10.5,26.25,6,32,0.065335536739526717,145,0.5,False,False,PN10,PN10-2.edf
9,6,6,164,1,170,3420,58863,50,6,110,58697,0.66666666666666663,0.66666666666666663,10.058435695180332,3,6,6,13.5,10.5,26.25,6,47,0.058265328722081199,145,0.55000000000000004,False,False,PN10,PN10-2.edf
9,6,6,146,0,152,3125,58863,50,6,110,58697,0.66666666666666663,0.66666666666666663,8.954461045709321,3,6,6,21,10.5,30,6,47,0.053239518203656064,145,0.59999999999999998,False,False,PN10,PN10-2.edf
9,6,6,139,0,145,2910,58863,50,6,110,58697,0.66666666666666663,0.66666666666666663,8.5251375709150388,3,6,6,21,11.25,33.75,10,47,0.049576639351244525,135,0.65000000000000002,False,False,PN10,PN10-2.edf
9,6,6,125,0,131,2655,58863,50,6,110,58697,0.66666666666666663,0.66666666666666663,7.6664906213264734,3,6,6,21,11.25,33.75,10,47,0.045232294665826192,135,0.69999999999999996,False,False,PN10,PN10-2.edf
9,5,5,119,0,124,2425,58863,50,6,110,58697,0.55555555555555558,0.55555555555555558,7.2984990715028024,4,5,5,12,11,30,10,35,0.041313866126037109,130,0.75,False,False,PN10,PN10-2.edf
9,5,5,118,0,123,2110,58863,50,6,110,58697,0.55555555555555558,0.55555555555555558,7.2371671465321912,4,5,5,12,11,30,10,35,0.035947322691108577,55,0.80000000000000004,False,False,PN10,PN10-2.edf
9,5,5,105,1,110,1620,58863,50,6,110,58697,0.55555555555555558,0.55555555555555558,6.4398521219142379,4,5,5,12,11,35,10,35,0.027599366236775304,55,0.84999999999999998,False,False,PN10,PN10-2.edf
9,5,5,68,1,73,1000,58863,50,6,110,58697,0.55555555555555558,0.55555555555555558,4.1705708980016016,4,5,5,12,11,35,10,35,0.017036645825169939,30,0.90000000000000002,False,False,PN10,PN10-2.edf
9,1,1,19,0,20,235,58863,50,6,110,58697,0.1111111111111111,0.1111111111111111,1.165306574441624,8,1,1,50,50,50,50,50,0.0040036117689149359,25,0.94999999999999996,False,False,PN10,PN10-2.edf
9,0,0,0,0,0,0,58863,50,6,110,58697,0,0,0,9,0,0,,,,,,0,0,1.01,True,True,PN10,PN10-2.edf
9,5,8,888,0,893,30275,58704,50,21,105,58528,0.55555555555555558,0.88888888888888884,54.620010934937127,4,5,5,6,6,7,2,10,0.51727378348824493,1560,0.050000000000000003,False,False,PN10,PN10-3.edf
9,7,8,667,0,674,17535,58704,50,21,105,58528,0.77777777777777779,0.88888888888888884,41.026517222525968,2,7,7,7,6,8.5,3,60,0.29960019136139965,880,0.10000000000000001,False,False,PN10,PN10-3.edf
9,6,8,540,0,546,12128,58704,50,21,105,58528,0.66666666666666663,0.88888888888888884,33.214871514488792,3,6,6,7,6.25,7.75,6,10,0.2072170585019136,760,0.14999999999999999,False,False,PN10,PN10-3.edf
9,7,7,422,0,429,8860,58704,50,21,105,58528,0.77777777777777779,0.77777777777777779,25.95680699835976,2,7,7,6,5.5,7,2,10,0.15138053581191907,560,0.20000000000000001,False,False,PN10,PN10-3.edf
9,6,6,321,1,327,6780,58704,50,21,105,58528,0.66666666666666663,0.66666666666666663,19.744395844723893,3,6,6,7,6.25,9.25,2,10,0.11584199015855659,425,0.25,False,False,PN10,PN10-3.edf
9,6,6,255,2,261,5665,58704,50,21,105,58528,0.66666666666666663,0.66666666666666663,15.684800437397485,3,6,6,8.5,6.25,10,2,12,0.096791279387643522,420,0.29999999999999999,False,False,PN10,PN10-3.edf
9,6,6,221,2,227,4985,58704,50,21,105,58528,0.66666666666666663,0.66666666666666663,13.593493712411153,3,6,6,8.5,6.25,10,2,12,0.085172908693275012,250,0.34999999999999998,False,False,PN10,PN10-3.edf
9,6,6,199,3,205,4495,58704,50,21,105,58528,0.66666666666666663,0.66666666666666663,12.24029524330235,3,6,6,8.5,6.25,10,2,12,0.076800847457627122,250,0.40000000000000002,False,False,PN10,PN10-3.edf
9,6,6,182,3,188,4110,58704,50,21,105,58528,0.66666666666666663,0.66666666666666663,11.194641880809185,3,6,6,8.5,6.25,10,2,12,0.070222799343903769,185,0.45000000000000001,False,False,PN10,PN10-3.edf
9,6,6,164,3,170,3750,58704,50,21,105,58528,0.66666666666666663,0.66666666666666663,10.087479496992893,3,6,6,8.5,6.25,10,2,12,0.064071897211591039,185,0.5,False,False,PN10,PN10-3.edf
9,5,5,152,1,157,3390,58704,50,21,105,58528,0.55555555555555558,0.55555555555555558,9.3493712411153638,4,5,5,11,10,15,7,17,0.057920995079278295,175,0.55000000000000004,False,False,PN10,PN10-3.edf
9,5,5,143,0,148,3135,58704,50,21,105,58528,0.55555555555555558,0.55555555555555558,8.7957900492072163,4,5,5,11,10,17,7,30,0.053564106068890102,130,0.59999999999999998,False,False,PN10,PN10-3.edf
9,4,4,138,0,142,2805,58704,50,21,105,58528,0.44444444444444442,0.44444444444444442,8.4882449425915798,5,4,4,10.5,9.25,15.75,7,30,0.047925779114270095,110,0.65000000000000002,False,False,PN10,PN10-3.edf
9,4,4,131,0,135,2385,58704,50,21,105,58528,0.44444444444444442,0.44444444444444442,8.0576817933296887,5,4,4,11.5,10.75,17.75,10,35,0.040749726626571899,75,0.69999999999999996,False,False,PN10,PN10-3.edf
9,4,4,117,0,121,2000,58704,50,21,105,58528,0.44444444444444442,0.44444444444444442,7.1965554948059047,5,4,4,11.5,10.75,17.75,10,35,0.034171678512848552,45,0.75,False,False,PN10,PN10-3.edf
9,4,4,102,0,106,1565,58704,50,21,105,58528,0.44444444444444442,0.44444444444444442,6.2739201749589943,5,4,4,11.5,10.75,17.75,10,35,0.026739338436303991,40,0.80000000000000004,False,False,PN10,PN10-3.edf
9,4,4,72,0,76,1020,58704,50,21,105,58528,0.44444444444444442,0.44444444444444442,4.4286495352651718,5,4,4,11.5,10.75,17.75,10,35,0.017427556041552762,40,0.84999999999999998,False,False,PN10,PN10-3.edf
9,3,3,51,0,54,660,58704,50,21,105,58528,0.33333333333333331,0.33333333333333331,3.1369600874794972,6,3,3,12,11,23.5,10,35,0.011276653909240021,30,0.90000000000000002,False,False,PN10,PN10-3.edf
9,0,0,23,0,23,255,58704,50,21,105,58528,0,0,1.4147074904319301,9,0,0,,,,,,0.0043568890103881904,20,0.94999999999999996,False,False,PN10,PN10-3.edf
9,0,0,0,0,0,0,58704,50,21,105,58528,0,0,0,9,0,0,,,,,,0,0,1.01,True,True,PN10,PN10-3.edf
7,6,7,767,0,773,24560,50769,50,27,110,50582,0.8571428571428571,1,54.588588826064608,1,6,6,7,6.25,9.25,3,50,0.485548218733937,1160,0.050000000000000003,False,False,PN10,PN10-4.5.6.edf
7,6,7,602,1,608,15080,50769,50,27,110,50582,0.8571428571428571,1,42.84528092997509,1,6,6,7,6.25,9.25,3,55,0.29812976948321535,585,0.10000000000000001,False,False,PN10,PN10-4.5.6.edf
7,5,6,463,2,468,10180,50769,50,27,110,50582,0.7142857142857143,0.8571428571428571,32.952433672057253,2,5,5,8,7,10,7,65,0.20125736427978333,575,0.14999999999999999,False,False,PN10,PN10-4.5.6.edf
7,5,6,340,3,345,7485,50769,50,27,110,50582,0.7142857142857143,0.8571428571428571,24.198331422245069,2,5,5,10,8,10,7,12,0.14797754141789568,425,0.20000000000000001,False,False,PN10,PN10-4.5.6.edf
7,6,6,265,3,271,6045,50769,50,27,110,50582,0.8571428571428571,0.8571428571428571,18.860464196749831,1,6,6,10,8.5,11.5,7,17,0.11950891621525443,425,0.25,False,False,PN10,PN10-4.5.6.edf
7,5,5,221,3,226,5095,50769,50,27,110,50582,0.7142857142857143,0.7142857142857143,15.728915424459293,2,5,5,12,10,15,7,17,0.10072753153295638,405,0.29999999999999999,False,False,PN10,PN10-4.5.6.edf
7,5,5,197,2,202,4570,50769,50,27,110,50582,0.7142857142857143,0.7142857142857143,14.020797912300818,2,5,5,15,10,17,7,32,0.09034834526116009,255,0.34999999999999998,False,False,PN10,PN10-4.5.6.edf
7,5,5,180,1,185,4235,50769,50,27,110,50582,0.7142857142857143,0.7142857142857143,12.810881341188566,2,5,5,15,10,17,7,47,0.083725435925823419,255,0.40000000000000002,False,False,PN10,PN10-4.5.6.edf
7,4,4,165,1,169,3895,50769,50,27,110,50582,0.5714285714285714,0.5714285714285714,11.743307896089519,3,4,4,13.5,11.5,15.5,10,17,0.077003677197422002,250,0.45000000000000001,False,False,PN10,PN10-4.5.6.edf
7,4,4,152,1,156,3570,50769,50,27,110,50582,0.5714285714285714,0.5714285714285714,10.818077577003677,3,4,4,13.5,11.5,15.5,10,17,0.07057846664821478,250,0.5,False,False,PN10,PN10-4.5.6.edf
7,3,3,137,0,140,3235,50769,50,27,110,50582,0.42857142857142855,0.42857142857142855,9.7505041319046306,4,3,3,12,11,23.5,10,35,0.063955557312878095,200,0.55000000000000004,False,False,PN10,PN10-4.5.6.edf
7,3,3,126,0,129,2995,50769,50,27,110,50582,0.42857142857142855,0.42857142857142855,8.9676169388319948,4,3,3,12,11,23.5,10,35,0.05921078644577122,200,0.59999999999999998,False,False,PN10,PN10-4.5.6.edf
7,3,3,118,0,121,2690,50769,50,27,110,50582,0.42857142857142855,0.42857142857142855,8.3982444347791709,4,3,3,12,11,23.5,10,35,0.053180973468822904,140,0.65000000000000002,False,False,PN10,PN10-4.5.6.edf
7,3,3,111,0,114,2385,50769,50,27,110,50582,0.42857142857142855,0.42857142857142855,7.9000434937329489,4,3,3,12,11,23.5,10,35,0.04715116049187458,135,0.69999999999999996,False,False,PN10,PN10-4.5.6.edf
7,3,3,112,0,115,2060,50769,50,27,110,50582,0.42857142857142855,0.42857142857142855,7.9712150567395517,4,3,3,12,11,23.5,10,35,0.040725949942667351,60,0.75,False,False,PN10,PN10-4.5.6.edf
7,3,3,97,0,100,1710,50769,50,27,110,50582,0.42857142857142855,0.42857142857142855,6.9036416116405048,4,3,3,12,11,23.5,10,35,0.033806492428136492,55,0.80000000000000004,False,False,PN10,PN10-4.5.6.edf
7,2,2,78,0,80,1190,50769,50,27,110,50582,0.2857142857142857,0.2857142857142857,5.5513819145150451,5,2,2,30,20,40,10,50,0.023526155549404928,30,0.84999999999999998,False,False,PN10,PN10-4.5.6.edf
7,1,1,49,0,50,655,50769,50,27,110,50582,0.14285714285714285,0.14285714285714285,3.4874065873235538,6,1,1,10,10,10,10,10,0.012949270491479183,30,0.90000000000000002,False,False,PN10,PN10-4.5.6.edf
7,0,0,16,0,16,180,50769,50,27,110,50582,0,0,1.1387450081056503,7,0,0,,,,,,0.0035585781503301569,25,0.94999999999999996,False,False,PN10,PN10-4.5.6.edf
7,0,0,0,0,0,0,50769,50,27,110,50582,0,0,0,7,0,0,,,,,,0,0,1.01,True,True,PN10,PN10-4.5.6.edf
7,2,6,504,0,506,22718,52462,50,27,5,52380,0.2857142857142857,0.8571428571428571,34.639175257731956,5,2,2,10,10,10,10,10,0.43371515845742648,1520,0.050000000000000003,False,False,PN10,PN10-7.8.9.edf
7,2,6,479,0,481,15525,52462,50,27,5,52380,0.2857142857142857,0.8571428571428571,32.920962199312712,5,2,2,10,10,10,10,10,0.29639175257731959,1115,0.10000000000000001,False,False,PN10,PN10-7.8.9.edf
7,5,6,392,0,397,11530,52462,50,27,5,52380,0.7142857142857143,0.8571428571428571,26.941580756013746,2,5,5,10,10,17,6,55,0.22012218403970982,880,0.14999999999999999,False,False,PN10,PN10-7.8.9.edf
7,5,6,350,3,355,9060,52462,50,27,5,52380,0.7142857142857143,0.8571428571428571,24.054982817869416,2,5,5,10,6,10,2,55,0.17296678121420389,580,0.20000000000000001,False,False,PN10,PN10-7.8.9.edf
7,6,6,296,4,302,7240,52462,50,27,5,52380,0.8571428571428571,0.8571428571428571,20.343642611683848,1,6,6,7,5.25,9.5,2,10,0.13822069492172584,440,0.25,False,False,PN10,PN10-7.8.9.edf
7,6,6,250,4,256,5990,52462,50,27,5,52380,0.8571428571428571,0.8571428571428571,17.182130584192439,1,6,6,9,6.5,10,2,10,0.11435662466590302,420,0.29999999999999999,False,False,PN10,PN10-7.8.9.edf
7,5,5,208,3,213,4995,52462,50,27,5,52380,0.7142857142857143,0.7142857142857143,14.295532646048111,2,5,5,10,8,10,6,10,0.095360824742268036,420,0.34999999999999998,False,False,PN10,PN10-7.8.9.edf
7,5,5,188,4,193,4505,52462,50,27,5,52380,0.7142857142857143,0.7142857142857143,12.920962199312715,2,5,5,10,8,10,6,10,0.086006109201985495,405,0.40000000000000002,False,False,PN10,PN10-7.8.9.edf
7,4,4,173,4,177,4085,52462,50,27,5,52380,0.5714285714285714,0.5714285714285714,11.890034364261169,3,4,4,10,9,10,6,10,0.077987781596029024,255,0.45000000000000001,False,False,PN10,PN10-7.8.9.edf
7,4,4,157,4,161,3730,52462,50,27,5,52380,0.5714285714285714,0.5714285714285714,10.790378006872853,3,4,4,10,9,10,6,10,0.07121038564337534,255,0.5,False,False,PN10,PN10-7.8.9.edf
7,4,4,149,3,153,3435,52462,50,27,5,52380,0.5714285714285714,0.5714285714285714,10.240549828178693,3,4,4,10,9,10,6,10,0.065578465063001148,210,0.55000000000000004,False,False,PN10,PN10-7.8.9.edf
7,4,4,137,3,141,3150,52462,50,27,5,52380,0.5714285714285714,0.5714285714285714,9.4158075601374573,3,4,4,10,9,10,6,10,0.060137457044673541,205,0.59999999999999998,False,False,PN10,PN10-7.8.9.edf
7,3,3,127,2,130,2870,52462,50,27,5,52380,0.42857142857142855,0.42857142857142855,8.7285223367697586,4,3,3,10,10,12.5,10,15,0.054791905307369222,145,0.65000000000000002,False,False,PN10,PN10-7.8.9.edf
7,3,3,112,2,115,2580,52462,50,27,5,52380,0.42857142857142855,0.42857142857142855,7.6975945017182132,4,3,3,10,10,12.5,10,15,0.049255441008018326,145,0.69999999999999996,False,False,PN10,PN10-7.8.9.edf
7,2,2,109,2,111,2265,52462,50,27,5,52380,0.2857142857142857,0.2857142857142857,7.4914089347079038,5,2,2,12.5,11.25,13.75,10,15,0.043241695303550973,130,0.75,False,False,PN10,PN10-7.8.9.edf
7,1,1,101,0,102,1855,52462,50,27,5,52380,0.14285714285714285,0.14285714285714285,6.9415807560137459,6,1,1,10,10,10,10,10,0.035414280259641086,65,0.80000000000000004,False,False,PN10,PN10-7.8.9.edf
7,1,1,88,0,89,1410,52462,50,27,5,52380,0.14285714285714285,0.14285714285714285,6.0481099656357387,6,1,1,10,10,10,10,10,0.026918671248568157,45,0.84999999999999998,False,False,PN10,PN10-7.8.9.edf
7,0,0,55,0,55,730,52462,50,27,5,52380,0,0,3.7800687285223367,7,0,0,,,,,,0.013936617029400534,25,0.90000000000000002,False,False,PN10,PN10-7.8.9.edf
7,0,0,26,0,26,305,52462,50,27,5,52380,0,0,1.7869415807560138,7,0,0,,,,,,0.0058228331424207717,20,0.94999999999999996,False,False,PN10,PN10-7.8.9.edf
7,0,0,0,0,0,0,52462,50,27,5,52380,0,0,0,7,0,0,,,,,,0,0,1.01,True,True,PN10,PN10-7.8.9.edf
2,1,2,57,0,58,10734,12183,20,0,0,12163,0.5,1,16.870837786730249,1,1,1,8,8,8,8,8,0.88251253802515828,2415,0.050000000000000003,False,False,PN12,PN12-1.2.edf
2,1,2,79,2,80,9574,12183,20,0,0,12163,0.5,1,23.382389213187537,1,1,1,8,8,8,8,8,0.7871413302639152,2290,0.10000000000000001,False,False,PN12,PN12-1.2.edf
2,2,2,98,0,100,8129,12183,20,0,0,12163,1,1,29.006001808764285,0,2,2,8,8,8,8,8,0.66833840335443562,825,0.14999999999999999,False,False,PN12,PN12-1.2.edf
2,2,2,120,0,122,5510,12183,20,0,0,12163,1,1,35.517553235221577,0,2,2,8,8,8,8,8,0.45301323686590478,405,0.20000000000000001,False,False,PN12,PN12-1.2.edf
2,2,2,126,0,128,2425,12183,20,0,0,12163,1,1,37.293430896982649,0,2,2,8,8,8,8,8,0.19937515415604704,130,0.25,False,False,PN12,PN12-1.2.edf
2,2,2,58,0,60,915,12183,20,0,0,12163,1,1,17.16681739702376,0,2,2,10.5,9.25,11.75,8,13,0.075228150949601252,125,0.29999999999999999,False,False,PN12,PN12-1.2.edf
2,2,2,31,0,33,535,12183,20,0,0,12163,1,1,9.1753679190989068,0,2,2,13,13,13,13,13,0.043985858751952642,125,0.34999999999999998,False,False,PN12,PN12-1.2.edf
2,2,2,15,0,17,335,12183,20,0,0,12163,1,1,4.4396941544026971,0,2,2,15.5,14.25,16.75,13,18,0.027542547068979694,125,0.40000000000000002,False,False,PN12,PN12-1.2.edf
2,2,2,11,1,13,245,12183,20,0,0,12163,1,1,3.2557757132286445,0,2,2,15.5,14.25,16.75,13,18,0.020143056811641864,65,0.45000000000000001,False,False,PN12,PN12-1.2.edf
2,2,2,9,1,11,205,12183,20,0,0,12163,1,1,2.6638164926416179,0,2,2,15.5,14.25,16.75,13,18,0.016854394475047274,60,0.5,False,False,PN12,PN12-1.2.edf
2,2,2,6,0,8,165,12183,20,0,0,12163,1,1,1.7758776617610788,0,2,2,25.5,19.25,31.75,13,38,0.013565732138452684,60,0.55000000000000004,False,False,PN12,PN12-1.2.edf
2,2,2,4,0,6,135,12183,20,0,0,12163,1,1,1.1839184411740524,0,2,2,25.5,19.25,31.75,13,38,0.011099235386006741,60,0.59999999999999998,False,False,PN12,PN12-1.2.edf
2,2,2,2,0,4,110,12183,20,0,0,12163,1,1,0.59195922058702621,0,2,2,25.5,19.25,31.75,13,38,0.0090438214256351231,60,0.65000000000000002,True,False,PN12,PN12-1.2.edf
2,2,2,2,1,4,85,12183,20,0,0,12163,1,1,0.59195922058702621,0,2,2,25.5,19.25,31.75,13,38,0.0069884074652635042,35,0.69999999999999996,True,False,PN12,PN12-1.2.edf
2,2,2,1,1,3,75,12183,20,0,0,12163,1,1,0.29597961029351311,0,2,2,25.5,19.25,31.75,13,38,0.0061662418811148567,35,0.75,True,True,PN12,PN12-1.2.edf
2,2,2,1,1,3,70,12183,20,0,0,12163,1,1,0.29597961029351311,0,2,2,28,23,33,18,38,0.0057551590890405329,35,0.80000000000000004,True,False,PN12,PN12-1.2.edf
2,2,2,1,1,3,60,12183,20,0,0,12163,1,1,0.29597961029351311,0,2,2,28,23,33,18,38,0.0049329935048918853,25,0.84999999999999998,True,False,PN12,PN12-1.2.edf
2,2,2,1,1,3,45,12183,20,0,0,12163,1,1,0.29597961029351311,0,2,2,30.5,26.75,34.25,23,38,0.003699745128668914,20,0.90000000000000002,True,False,PN12,PN12-1.2.edf
2,2,2,1,1,3,30,12183,20,0,0,12163,1,1,0.29597961029351311,0,2,2,33,28,38,23,43,0.0024664967524459427,10,0.94999999999999996,True,False,PN12,PN12-1.2.edf
2,0,0,0,0,0,0,12183,20,0,0,12163,0,0,0,2,0,0,,,,,,0,0,1.01,True,False,PN12,PN12-1.2.edf
3,2,3,186,0,188,6578,19968,20,0,0,19948,0.66666666666666663,1,33.567274914778423,1,2,2,11.5,9.75,13.25,8,15,0.32975736915981552,480,0.050000000000000003,False,False,PN12,PN12-3.edf
3,2,3,137,0,139,3535,19968,20,0,0,19948,0.66666666666666663,1,24.724283136154,1,2,2,11.5,9.75,13.25,8,15,0.17721074794465611,195,0.10000000000000001,False,False,PN12,PN12-3.edf
3,3,3,101,0,104,2340,19968,20,0,0,19948,1,1,18.227391217164627,0,3,3,13,10.5,14,8,15,0.11730499298175255,100,0.14999999999999999,False,False,PN12,PN12-3.edf
3,3,3,80,0,83,1620,19968,20,0,0,19948,1,1,14.437537597754162,0,3,3,13,10.5,14,8,15,0.081211148987367157,100,0.20000000000000001,False,False,PN12,PN12-3.edf
3,3,3,64,0,67,1120,19968,20,0,0,19948,1,1,11.550030078203328,0,3,3,13,10.5,14,8,15,0.056145979546821739,90,0.25,False,False,PN12,PN12-3.edf
3,3,3,49,0,52,825,19968,20,0,0,19948,1,1,8.8429917786244232,0,3,3,15,11.5,16.5,8,18,0.041357529576899942,85,0.29999999999999999,False,False,PN12,PN12-3.edf
3,3,3,30,0,33,565,19968,20,0,0,19948,1,1,5.4140765991578101,0,3,3,15,11.5,16.5,8,18,0.028323641467816324,85,0.34999999999999998,False,False,PN12,PN12-3.edf
3,3,3,19,0,22,350,19968,20,0,0,19948,1,1,3.4289151794666131,0,3,3,25,19,26.5,13,28,0.017545618608381792,60,0.40000000000000002,False,False,PN12,PN12-3.edf
3,3,3,11,0,14,245,19968,20,0,0,19948,1,1,1.9851614196911971,0,3,3,25,19,26.5,13,28,0.012281933025867255,60,0.45000000000000001,False,False,PN12,PN12-3.edf
3,3,3,10,0,13,235,19968,20,0,0,19948,1,1,1.8046921997192702,0,3,3,25,19,26.5,13,28,0.011780629637056346,60,0.5,False,False,PN12,PN12-3.edf
3,3,3,8,0,11,200,19968,20,0,0,19948,1,1,1.443753759775416,0,3,3,25,21.5,26.5,18,28,0.010026067776218167,55,0.55000000000000004,False,False,PN12,PN12-3.edf
3,3,3,3,0,6,150,19968,20,0,0,19948,1,1,0.54140765991578099,0,3,3,25,21.5,26.5,18,28,0.0075195508321636252,55,0.59999999999999998,True,False,PN12,PN12-3.edf
3,3,3,2,0,5,135,19968,20,0,0,19948,1,1,0.36093843994385399,0,3,3,25,21.5,26.5,18,28,0.0067675957489472631,55,0.65000000000000002,True,False,PN12,PN12-3.edf
3,3,3,2,1,5,120,19968,20,0,0,19948,1,1,0.36093843994385399,0,3,3,25,21.5,26.5,18,28,0.0060156406657309001,55,0.69999999999999996,True,False,PN12,PN12-3.edf
3,3,3,1,1,4,105,19968,20,0,0,19948,1,1,0.180469219971927,0,3,3,25,21.5,29,18,33,0.0052636855825145381,55,0.75,True,False,PN12,PN12-3.edf
3,3,3,1,1,4,100,19968,20,0,0,19948,1,1,0.180469219971927,0,3,3,25,21.5,29,18,33,0.0050130338881090837,50,0.80000000000000004,True,True,PN12,PN12-3.edf
3,2,2,0,0,2,65,19968,20,0,0,19948,0.66666666666666663,0.66666666666666663,0,1,2,2,28,25.5,30.5,23,33,0.0032584720272709044,45,0.84999999999999998,True,False,PN12,PN12-3.edf
3,1,1,0,0,1,35,19968,20,0,0,19948,0.33333333333333331,0.33333333333333331,0,2,1,1,23,23,23,23,23,0.0017545618608381794,35,0.90000000000000002,True,False,PN12,PN12-3.edf
3,1,1,0,0,1,20,19968,20,0,0,19948,0.33333333333333331,0.33333333333333331,0,2,1,1,33,33,33,33,33,0.0010026067776218166,20,0.94999999999999996,True,False,PN12,PN12-3.edf
3,0,0,0,0,0,0,19968,20,0,0,19948,0,0,0,3,0,0,,,,,,0,0,1.01,True,False,PN12,PN12-3.edf
3,1,3,119,0,120,7904,11763,20,0,0,11743,0.33333333333333331,1,36.481308013284512,2,1,1,10,10,10,10,10,0.67308183598739679,1495,0.050000000000000003,False,False,PN12,PN12-4.edf
3,1,3,122,0,123,5979,11763,20,0,0,11743,0.33333333333333331,1,37.401004853955548,2,1,1,15,15,15,15,15,0.50915438984927186,1200,0.10000000000000001,False,False,PN12,PN12-4.edf
3,1,3,100,0,101,4819,11763,20,0,0,11743,0.33333333333333331,1,30.656561355701268,2,1,1,15,15,15,15,15,0.41037213659201227,1185,0.14999999999999999,False,False,PN12,PN12-4.edf
3,3,3,97,0,100,3649,11763,20,0,0,11743,1,1,29.736864515030231,0,3,3,8,8,11.5,8,15,0.31073831218598313,345,0.20000000000000001,False,False,PN12,PN12-4.edf
3,3,3,87,1,90,2114,11763,20,0,0,11743,1,1,26.671208379460104,0,3,3,8,8,11.5,8,15,0.18002214084986801,189,0.25,False,False,PN12,PN12-4.edf
3,3,3,49,1,52,1169,11763,20,0,0,11743,1,1,15.021715064293621,0,3,3,8,8,11.5,8,15,0.099548667291152179,189,0.29999999999999999,False,False,PN12,PN12-4.edf
3,3,3,32,1,35,904,11763,20,0,0,11743,1,1,9.8100996338244055,0,3,3,8,8,11.5,8,15,0.076982031848760971,189,0.34999999999999998,False,False,PN12,PN12-4.edf
3,3,3,26,1,29,759,11763,20,0,0,11743,1,1,7.97070595248233,0,3,3,8,8,11.5,8,15,0.064634250191603515,170,0.40000000000000002,False,False,PN12,PN12-4.edf
3,3,3,19,0,22,624,11763,20,0,0,11743,1,1,5.8247466575832414,0,3,3,13,10.5,14,8,15,0.053138039683215531,170,0.45000000000000001,False,False,PN12,PN12-4.edf
3,3,3,16,0,19,549,11763,20,0,0,11743,1,1,4.9050498169122028,0,3,3,13,10.5,14,8,15,0.046751256067444437,170,0.5,False,False,PN12,PN12-4.edf
3,3,3,16,0,19,484,11763,20,0,0,11743,1,1,4.9050498169122028,0,3,3,13,10.5,16.5,8,20,0.041216043600442814,85,0.55000000000000004,False,False,PN12,PN12-4.edf
3,3,3,16,1,19,424,11763,20,0,0,11743,1,1,4.9050498169122028,0,3,3,13,10.5,16.5,8,20,0.036106616707825938,65,0.59999999999999998,False,False,PN12,PN12-4.edf
3,3,3,13,2,16,315,11763,20,0,0,11743,1,1,3.985352976241165,0,3,3,13,13,16.5,13,20,0.02682449118623861,50,0.65000000000000002,False,False,PN12,PN12-4.edf
3,3,3,9,2,12,230,11763,20,0,0,11743,1,1,2.7590905220131141,0,3,3,18,15.5,19,13,20,0.019586136421698031,45,0.69999999999999996,False,False,PN12,PN12-4.edf
3,3,3,7,2,10,190,11763,20,0,0,11743,1,1,2.1459592948990887,0,3,3,18,15.5,19,13,20,0.016179851826620115,45,0.75,False,False,PN12,PN12-4.edf
3,3,3,5,2,8,145,11763,20,0,0,11743,1,1,1.5328280677850634,0,3,3,18,15.5,19,13,20,0.012347781657157456,45,0.80000000000000004,False,False,PN12,PN12-4.edf
3,3,3,5,3,8,120,11763,20,0,0,11743,1,1,1.5328280677850634,0,3,3,18,15.5,19,13,20,0.010218853785233756,35,0.84999999999999998,False,False,PN12,PN12-4.edf
3,2,2,2,1,4,70,11763,20,0,0,11743,0.66666666666666663,0.66666666666666663,0.61313122711402535,1,2,2,29,24.5,33.5,20,38,0.0059609980413863582,30,0.90000000000000002,True,True,PN12,PN12-4.edf
3,1,1,1,1,2,20,11763,20,0,0,11743,0.33333333333333331,0.33333333333333331,0.30656561355701267,2,1,1,20,20,20,20,20,0.0017031422975389593,10,0.94999999999999996,True,False,PN12,PN12-4.edf
3,0,0,0,0,0,0,11763,20,0,0,11743,0,0,0,3,0,0,,,,,,0,0,1.01,True,False,PN12,PN12-4.edf
3,3,3,523,0,526,27667,65802,30,0,5,65767,1,1,28.62833944075296,0,3,3,22,14,23.5,6,25,0.42068210500707043,2650,0.050000000000000003,False,False,PN14,PN14-1.edf
3,3,3,482,0,485,22630,65802,30,0,5,65767,1,1,26.384052792433895,0,3,3,22,14,26,6,30,0.34409354235406814,2045,0.10000000000000001,False,False,PN14,PN14-1.edf
3,3,3,453,0,456,20025,65802,30,0,5,65767,1,1,24.796630528988704,0,3,3,22,14,26,6,30,0.30448401173840983,1825,0.14999999999999999,False,False,PN14,PN14-1.edf
3,3,3,427,0,430,18160,65802,30,0,5,65767,1,1,23.373424361761977,0,3,3,22,16.5,26,11,30,0.27612632475253546,1265,0.20000000000000001,False,False,PN14,PN14-1.edf
3,3,3,390,0,393,16150,65802,30,0,5,65767,1,1,21.348092508400871,0,3,3,22,16.5,26,11,30,0.2455638846229872,980,0.25,False,False,PN14,PN14-1.edf
3,3,3,315,0,318,13125,65802,30,0,5,65767,1,1,17.242690102939164,0,3,3,22,16.5,26,11,30,0.1995681724877218,725,0.29999999999999999,False,False,PN14,PN14-1.edf
3,3,3,331,1,334,9905,65802,30,0,5,65767,1,1,18.118509282770994,0,3,3,22,16.5,26,11,30,0.15060744750406738,300,0.34999999999999998,False,False,PN14,PN14-1.edf
3,3,3,310,1,313,6695,65802,30,0,5,65767,1,1,16.968996609241717,0,3,3,22,16.5,28.5,11,35,0.101798774461356,135,0.40000000000000002,False,False,PN14,PN14-1.edf
3,3,3,227,0,230,3780,65802,30,0,5,65767,1,1,12.425684613864096,0,3,3,22,16.5,28.5,11,35,0.057475633676463883,120,0.45000000000000001,False,False,PN14,PN14-1.edf
3,3,3,137,0,140,2125,65802,30,0,5,65767,1,1,7.4992017273100489,0,3,3,22,16.5,28.5,11,35,0.032311037450393057,120,0.5,False,False,PN14,PN14-1.edf
3,3,3,71,0,74,1100,65802,30,0,5,65767,1,1,3.886447610503748,0,3,3,22,16.5,28.5,11,35,0.016725713503732875,60,0.55000000000000004,False,False,PN14,PN14-1.edf
3,3,3,42,0,45,695,65802,30,0,5,65767,1,1,2.2990253470585551,0,3,3,22,16.5,28.5,11,35,0.010567609895540316,60,0.59999999999999998,False,False,PN14,PN14-1.edf
3,3,3,31,0,34,465,65802,30,0,5,65767,1,1,1.6968996609241718,0,3,3,22,16.5,28.5,11,35,0.0070704152538507157,50,0.65000000000000002,False,False,PN14,PN14-1.edf
3,2,2,22,0,24,315,65802,30,0,5,65767,0.66666666666666663,0.66666666666666663,1.2042513722687671,1,2,2,16.5,13.75,19.25,11,22,0.0047896361397053236,35,0.69999999999999996,False,False,PN14,PN14-1.edf
3,1,1,16,0,17,225,65802,30,0,5,65767,0.33333333333333331,0.33333333333333331,0.87581917983183055,2,1,1,22,22,22,22,22,0.0034211686712180881,35,0.75,True,False,PN14,PN14-1.edf
3,1,1,10,0,11,155,65802,30,0,5,65767,0.33333333333333331,0.33333333333333331,0.54738698739489411,2,1,1,22,22,22,22,22,0.0023568050846169051,35,0.80000000000000004,True,True,PN14,PN14-1.edf
3,0,0,3,0,3,50,65802,30,0,5,65767,0,0,0.16421609621846822,3,0,0,,,,,,0.00076025970471513065,25,0.84999999999999998,True,False,PN14,PN14-1.edf
3,0,0,1,0,1,10,65802,30,0,5,65767,0,0,0.05473869873948941,3,0,0,,,,,,0.00015205194094302613,10,0.90000000000000002,True,False,PN14,PN14-1.edf
3,0,0,0,0,0,0,65802,30,0,5,65767,0,0,0,3,0,0,,,,,,0,0,0.94999999999999996,True,False,PN14,PN14-1.edf
3,0,0,0,0,0,0,65802,30,0,5,65767,0,0,0,3,0,0,,,,,,0,0,1.01,True,False,PN14,PN14-1.edf
3,3,3,628,1,631,17120,64505,30,0,5,64470,1,1,35.067473243369008,0,3,3,8,7.5,9,7,10,0.26554986815573134,395,0.050000000000000003,False,False,PN14,PN14-2.edf
3,3,3,517,0,520,10995,64505,30,0,5,64470,1,1,28.869241507677991,0,3,3,22,15,26,8,30,0.17054443927408097,160,0.10000000000000001,False,False,PN14,PN14-2.edf
3,3,3,424,0,427,7105,64505,30,0,5,64470,1,1,23.676128431828758,0,3,3,22,17.5,26,13,30,0.11020629750271443,110,0.14999999999999999,False,False,PN14,PN14-2.edf
3,2,2,307,0,309,4905,64505,30,0,5,64470,0.66666666666666663,0.66666666666666663,17.142857142857142,1,2,2,26,24,28,22,30,0.076081898557468594,110,0.20000000000000001,False,False,PN14,PN14-2.edf
3,2,2,232,0,234,3705,64505,30,0,5,64470,0.66666666666666663,0.66666666666666663,12.954862726849697,1,2,2,26,24,28,22,30,0.057468590041879944,100,0.25,False,False,PN14,PN14-2.edf
3,2,2,179,0,181,2745,64505,30,0,5,64470,0.66666666666666663,0.66666666666666663,9.9953466728711025,1,2,2,26,24,28,22,30,0.042577943229409027,80,0.29999999999999999,False,False,PN14,PN14-2.edf
3,2,2,140,0,142,2140,64505,30,0,5,64470,0.66666666666666663,0.66666666666666663,7.8175895765472312,1,2,2,26,24,28,22,30,0.033193733519466417,65,0.34999999999999998,False,False,PN14,PN14-2.edf
3,2,2,103,0,105,1640,64505,30,0,5,64470,0.66666666666666663,0.66666666666666663,5.7515123313168912,1,2,2,26,24,28,22,30,0.025438188304637815,65,0.40000000000000002,False,False,PN14,PN14-2.edf
3,2,2,82,0,84,1315,64505,30,0,5,64470,0.66666666666666663,0.66666666666666663,4.5788738948348069,1,2,2,31,29,33,27,35,0.020397083914999226,55,0.45000000000000001,False,False,PN14,PN14-2.edf
3,2,2,69,0,71,1120,64505,30,0,5,64470,0.66666666666666663,0.66666666666666663,3.8529548627268495,1,2,2,31,29,33,27,35,0.01737242128121607,55,0.5,False,False,PN14,PN14-2.edf
3,2,2,53,0,55,885,64505,30,0,5,64470,0.66666666666666663,0.66666666666666663,2.9595160539785947,1,2,2,31,29,33,27,35,0.013727315030246627,50,0.55000000000000004,False,False,PN14,PN14-2.edf
3,1,1,40,0,41,695,64505,30,0,5,64470,0.33333333333333331,0.33333333333333331,2.2335970218706374,2,1,1,27,27,27,27,27,0.010780207848611757,50,0.59999999999999998,False,False,PN14,PN14-2.edf
3,1,1,30,1,31,505,64505,30,0,5,64470,0.33333333333333331,0.33333333333333331,1.6751977664029782,2,1,1,27,27,27,27,27,0.0078331006669768877,50,0.65000000000000002,False,False,PN14,PN14-2.edf
3,1,1,25,0,26,415,64505,30,0,5,64470,0.33333333333333331,0.33333333333333331,1.3959981386691485,2,1,1,47,47,47,47,47,0.0064371025283077397,50,0.69999999999999996,False,False,PN14,PN14-2.edf
3,1,1,17,0,18,250,64505,30,0,5,64470,0.33333333333333331,0.33333333333333331,0.94927873429502097,2,1,1,57,57,57,57,57,0.0038777726074143014,45,0.75,True,True,PN14,PN14-2.edf
3,0,0,11,0,11,140,64505,30,0,5,64470,0,0,0.61423918101442532,3,0,0,,,,,,0.0021715526601520088,30,0.80000000000000004,True,False,PN14,PN14-2.edf
3,0,0,4,0,4,50,64505,30,0,5,64470,0,0,0.22335970218706375,3,0,0,,,,,,0.00077555452148286028,20,0.84999999999999998,True,False,PN14,PN14-2.edf
3,0,0,2,0,2,20,64505,30,0,5,64470,0,0,0.11167985109353187,3,0,0,,,,,,0.00031022180859314411,10,0.90000000000000002,True,False,PN14,PN14-2.edf
3,0,0,1,0,1,10,64505,30,0,5,64470,0,0,0.055839925546765937,3,0,0,,,,,,0.00015511090429657206,10,0.94999999999999996,True,False,PN14,PN14-2.edf
3,0,0,0,0,0,0,64505,30,0,5,64470,0,0,0,3,0,0,,,,,,0,0,1.01,True,False,PN14,PN14-2.edf
3,3,3,191,0,194,12050,31675,30,0,5,31640,1,1,21.731984829329964,0,3,3,13,9.5,45,6,77,0.38084702907711759,910,0.050000000000000003,False,False,PN14,PN14-3.edf
3,3,3,272,1,275,8810,31675,30,0,5,31640,1,1,30.948166877370419,0,3,3,7,6.5,10,6,13,0.27844500632111252,325,0.10000000000000001,False,False,PN14,PN14-3.edf
3,2,2,261,1,263,5715,31675,30,0,5,31640,0.66666666666666663,0.66666666666666663,29.696586599241467,1,2,2,6.5,6.25,6.75,6,7,0.18062579013906446,110,0.14999999999999999,False,False,PN14,PN14-3.edf
3,2,2,186,2,188,3400,31675,30,0,5,31640,0.66666666666666663,0.66666666666666663,21.16308470290771,1,2,2,6.5,6.25,6.75,6,7,0.10745891276864729,100,0.20000000000000001,False,False,PN14,PN14-3.edf
3,2,2,137,2,139,2105,31675,30,0,5,31640,0.66666666666666663,0.66666666666666663,15.587863463969658,1,2,2,6.5,6.25,6.75,6,7,0.066529709228824271,100,0.25,False,False,PN14,PN14-3.edf
3,2,2,90,2,92,1315,31675,30,0,5,31640,0.66666666666666663,0.66666666666666663,10.240202275600506,1,2,2,6.5,6.25,6.75,6,7,0.041561314791403285,55,0.29999999999999999,False,False,PN14,PN14-3.edf
3,2,2,61,2,63,910,31675,30,0,5,31640,0.66666666666666663,0.66666666666666663,6.9405815423514534,1,2,2,6.5,6.25,6.75,6,7,0.028761061946902654,50,0.34999999999999998,False,False,PN14,PN14-3.edf
3,1,1,46,0,47,645,31675,30,0,5,31640,0.33333333333333331,0.33333333333333331,5.2338811630847033,2,1,1,6,6,6,6,6,0.020385587863463971,50,0.40000000000000002,False,False,PN14,PN14-3.edf
3,1,1,29,0,30,405,31675,30,0,5,31640,0.33333333333333331,0.33333333333333331,3.2996207332490517,2,1,1,6,6,6,6,6,0.012800252844500632,50,0.45000000000000001,False,False,PN14,PN14-3.edf
3,1,1,22,0,23,315,31675,30,0,5,31640,0.33333333333333331,0.33333333333333331,2.5031605562579013,2,1,1,6,6,6,6,6,0.0099557522123893804,45,0.5,False,False,PN14,PN14-3.edf
3,1,1,14,0,15,195,31675,30,0,5,31640,0.33333333333333331,0.33333333333333331,1.5929203539823009,2,1,1,6,6,6,6,6,0.0061630847029077122,20,0.55000000000000004,False,False,PN14,PN14-3.edf
3,1,1,11,0,12,145,31675,30,0,5,31640,0.33333333333333331,0.33333333333333331,1.2515802781289507,2,1,1,6,6,6,6,6,0.0045828065739570165,20,0.59999999999999998,False,False,PN14,PN14-3.edf
3,1,1,1,0,2,30,31675,30,0,5,31640,0.33333333333333331,0.33333333333333331,0.11378002528445007,2,1,1,11,11,11,11,11,0.00094816687737041716,15,0.65000000000000002,True,False,PN14,PN14-3.edf
3,1,1,1,0,2,25,31675,30,0,5,31640,0.33333333333333331,0.33333333333333331,0.11378002528445007,2,1,1,11,11,11,11,11,0.00079013906447534762,15,0.69999999999999996,True,False,PN14,PN14-3.edf
3,1,1,1,0,2,25,31675,30,0,5,31640,0.33333333333333331,0.33333333333333331,0.11378002528445007,2,1,1,11,11,11,11,11,0.00079013906447534762,15,0.75,True,False,PN14,PN14-3.edf
3,1,1,1,0,2,20,31675,30,0,5,31640,0.33333333333333331,0.33333333333333331,0.11378002528445007,2,1,1,11,11,11,11,11,0.00063211125158027818,10,0.80000000000000004,True,True,PN14,PN14-3.edf
3,0,0,0,0,0,0,31675,30,0,5,31640,0,0,0,3,0,0,,,,,,0,0,0.84999999999999998,True,False,PN14,PN14-3.edf
3,0,0,0,0,0,0,31675,30,0,5,31640,0,0,0,3,0,0,,,,,,0,0,0.90000000000000002,True,False,PN14,PN14-3.edf
3,0,0,0,0,0,0,31675,30,0,5,31640,0,0,0,3,0,0,,,,,,0,0,0.94999999999999996,True,False,PN14,PN14-3.edf
3,0,0,0,0,0,0,31675,30,0,5,31640,0,0,0,3,0,0,,,,,,0,0,1.01,True,False,PN14,PN14-3.edf
3,2,3,355,0,357,37975,59028,30,0,0,58998,0.66666666666666663,1,21.661751245804943,1,2,2,9.5,8.75,10.25,8,11,0.64366588697921967,2090,0.050000000000000003,False,False,PN14,PN14-4.edf
3,1,2,451,0,452,33565,59028,30,0,0,58998,0.33333333333333331,0.66666666666666663,27.519576934811351,2,1,1,13,13,13,13,13,0.56891759042679413,2000,0.10000000000000001,False,False,PN14,PN14-4.edf
3,0,1,483,0,483,28310,59028,30,0,0,58998,0,0.33333333333333331,29.472185497813484,3,0,0,,,,,,0.47984677446693108,1790,0.14999999999999999,False,False,PN14,PN14-4.edf
3,1,1,477,0,478,22610,59028,30,0,0,58998,0.33333333333333331,0.33333333333333331,29.106071392250584,2,1,1,10,10,10,10,10,0.38323332994338793,1790,0.20000000000000001,False,False,PN14,PN14-4.edf
3,1,1,380,1,381,16755,59028,30,0,0,58998,0.33333333333333331,0.33333333333333331,23.187226685650362,2,1,1,10,10,10,10,10,0.28399267771788872,1720,0.25,False,False,PN14,PN14-4.edf
3,1,1,328,1,329,13710,59028,30,0,0,58998,0.33333333333333331,0.33333333333333331,20.014237770771892,2,1,1,10,10,10,10,10,0.23238075866978541,670,0.29999999999999999,False,False,PN14,PN14-4.edf
3,1,1,312,0,313,11600,59028,30,0,0,58998,0.33333333333333331,0.33333333333333331,19.037933489270824,2,1,1,10,10,10,10,10,0.19661683446896505,505,0.34999999999999998,False,False,PN14,PN14-4.edf
3,1,1,333,0,334,7785,59028,30,0,0,58998,0.33333333333333331,0.33333333333333331,20.319332858740975,2,1,1,10,10,10,10,10,0.13195362554662871,265,0.40000000000000002,False,False,PN14,PN14-4.edf
3,0,0,249,0,249,4305,59028,30,0,0,58998,0,0,15.193735380860367,3,0,0,,,,,,0.07296857520593919,235,0.45000000000000001,False,False,PN14,PN14-4.edf
3,0,0,134,0,134,1965,59028,30,0,0,58998,0,0,8.176548357571443,3,0,0,,,,,,0.033306213769958307,70,0.5,False,False,PN14,PN14-4.edf
3,0,0,33,0,33,490,59028,30,0,0,58998,0,0,2.0136275805959523,3,0,0,,,,,,0.0083053662836028337,50,0.55000000000000004,False,False,PN14,PN14-4.edf
3,0,0,11,0,11,115,59028,30,0,0,58998,0,0,0.67120919353198416,3,0,0,,,,,,0.0019492186175802569,15,0.59999999999999998,True,False,PN14,PN14-4.edf
3,0,0,4,0,4,40,59028,30,0,0,58998,0,0,0.24407607037526696,3,0,0,,,,,,0.00067798908437574157,10,0.65000000000000002,True,False,PN14,PN14-4.edf
3,0,0,0,0,0,0,59028,30,0,0,58998,0,0,0,3,0,0,,,,,,0,0,0.69999999999999996,True,False,PN14,PN14-4.edf
3,0,0,0,0,0,0,59028,30,0,0,58998,0,0,0,3,0,0,,,,,,0,0,0.75,True,False,PN14,PN14-4.edf
3,0,0,0,0,0,0,59028,30,0,0,58998,0,0,0,3,0,0,,,,,,0,0,0.80000000000000004,True,False,PN14,PN14-4.edf
3,0,0,0,0,0,0,59028,30,0,0,58998,0,0,0,3,0,0,,,,,,0,0,0.84999999999999998,True,False,PN14,PN14-4.edf
3,0,0,0,0,0,0,59028,30,0,0,58998,0,0,0,3,0,0,,,,,,0,0,0.90000000000000002,True,False,PN14,PN14-4.edf
3,0,0,0,0,0,0,59028,30,0,0,58998,0,0,0,3,0,0,,,,,,0,0,0.94999999999999996,True,False,PN14,PN14-4.edf
3,0,0,0,0,0,0,59028,30,0,0,58998,0,0,0,3,0,0,,,,,,0,0,1.01,True,True,PN14,PN14-4.edf
