patient,file_name,alpha,evaluable_s,q1_s,q0_s,q1_fraction,ecg_active_s
PN00,PN00-1.edf,0,2615,2550,65,0.9751434034416826,0
PN00,PN00-2.edf,0,2292,1897,395,0.82766143106457246,0
PN00,PN00-4.edf,0,2092,2027,65,0.9689292543021033,0
PN00,PN00-5.edf,0,2133,2033,100,0.95311767463666197,0
PN06,PN06-1.edf,0.25,9605,9555,50,0.99479437792816239,9555
PN06,PN06-2.edf,0,12610,12560,50,0.99603489294210945,0
PN06,PN06-3.edf,0.25,8170,8120,50,0.99388004895960835,8120
PN06,PN06-4.edf,0,7015,6965,50,0.99287241625089095,0
PN06,PN06-5.edf,0.25,6012,5962,50,0.9916833000665336,5962
PN10,PN10-1.edf,0,9972,507,9465,0.050842358604091455,0
PN10,PN10-10.edf,0,8555,8505,50,0.99415546464056104,0
PN10,PN10-2.edf,0.5,8523,8453,70,0.9917869294849232,8453
PN10,PN10-3.edf,0,8692,8377,315,0.96375977910722499,0
PN10,PN10-4.5.6.edf,0,16638,16503,135,0.99188604399567259,0
PN10,PN10-7.8.9.edf,0.25,14840,14715,125,0.99157681940700804,14715
PN12,PN12-1.2.edf,0,9764,8685,1079,0.88949201147070878,0
PN12,PN12-3.edf,0,1979,1739,240,0.87872662961091463,0
PN12,PN12-4.edf,0.5,10184,10134,50,0.99509033778476041,10134
PN14,PN14-1.edf,0,7858,7808,50,0.99363705777551536,0
PN14,PN14-2.edf,0,9155,9105,50,0.99453850354997264,0
PN14,PN14-3.edf,0.25,41985,41605,380,0.9909491485054186,41605
PN14,PN14-4.edf,0,14627,14402,225,0.984617488206741,0
