patient,file_name,event_id,eeg_detected,fusion_detected,eeg_delay_s,fusion_delay_s,delay_delta_s,ecg_available_at_onset,ecg_ictal_available_fraction,alpha,classification,changed_delay_only
PN00,PN00-1.edf,PN00-1,True,True,22,22,0,True,0.9285714285714286,0,preserved,False
PN00,PN00-2.edf,PN00-2,True,True,15,15,0,True,1,0,preserved,False
PN00,PN00-4.edf,PN00-4,True,True,29,29,0,True,1,0,preserved,False
PN00,PN00-5.edf,PN00-5,True,True,16,16,0,True,1,0,preserved,False
PN06,PN06-1.edf,PN06-1,True,False,42,,,True,1,0.25,lost,False
PN06,PN06-2.edf,PN06-2,True,True,10,10,0,True,1,0,preserved,False
PN06,PN06-3.edf,PN06-3,False,False,,,,True,1,0.25,still_missed,False
PN06,PN06-4.edf,PN06-4,True,True,41,41,0,True,1,0,preserved,False
PN06,PN06-5.edf,PN06-5,False,False,,,,True,1,0.25,still_missed,False
PN10,PN10-1.edf,PN10-1,False,False,,,,False,0,0,still_missed,False
PN10,PN10-10.edf,PN10-10,False,False,,,,True,1,0,still_missed,False
PN10,PN10-2.edf,PN10-2,False,False,,,,True,1,0.5,still_missed,False
PN10,PN10-3.edf,PN10-3,True,True,50,50,0,True,1,0,preserved,False
PN10,PN10-4.5.6.edf,PN10-4,False,False,,,,True,1,0,still_missed,False
PN10,PN10-4.5.6.edf,PN10-5,False,False,,,,True,1,0,still_missed,False
PN10,PN10-4.5.6.edf,PN10-6,False,False,,,,True,1,0,still_missed,False
PN10,PN10-7.8.9.edf,PN10-7,False,False,,,,True,1,0.25,still_missed,False
PN10,PN10-7.8.9.edf,PN10-8,False,False,,,,True,1,0.25,still_missed,False
PN10,PN10-7.8.9.edf,PN10-9,False,True,,12,,True,1,0.25,rescued,False
PN12,PN12-1.2.edf,PN12-1,True,True,18,18,0,True,0.76190476190476186,0,preserved,False
PN12,PN12-1.2.edf,PN12-2,True,True,25,25,0,True,0.73529411764705888,0,preserved,False
PN12,PN12-3.edf,PN12-3,True,True,13,13,0,True,0.60416666666666663,0,preserved,False
PN12,PN12-4.edf,PN12-4,True,True,18,33,15,True,1,0.5,preserved,True
PN14,PN14-1.edf,PN14-1,False,False,,,,True,1,0,still_missed,False
PN14,PN14-2.edf,PN14-2,False,False,,,,True,1,0,still_missed,False
PN14,PN14-3.edf,PN14-3,True,True,30,35,5,True,1,0.25,preserved,True
PN14,PN14-4.edf,PN14-4,False,False,,,,True,0.62650602409638556,0,still_missed,False
