patient,file_name,eeg_declaration_s,fate,fusion_declaration_s,ecg_available,alpha,ecg_score,fused_score,effective_threshold,eeg_threshold,relative_hr_delta
PN00,PN00-1.edf,1320,preserved,1320,True,0,0.29869933275149063,0.80265797866232835,0.80000000000000004,0.80000000000000004,19.668455393510826
PN06,PN06-2.edf,8895,preserved,8895,True,0,0.97881521952818973,0.96371279576599178,0.94999999999999996,0.94999999999999996,6.0739163498098776
PN06,PN06-3.edf,6540,suppressed,,True,0.25,0.18919036410722165,0.77251168938499815,0.80000000000000004,0.94999999999999996,18.274655218568128
PN06,PN06-4.edf,3470,preserved,3470,True,0,0.91998395432853142,0.96670627287167954,0.94999999999999996,0.94999999999999996,13.545876758260675
PN06,PN06-5.edf,4860,suppressed,,True,0.25,0.47058605024730127,0.83609067855499597,0.90000000000000002,0.94999999999999996,37.639823178935231
PN10,PN10-1.edf,695,preserved,695,False,0,,0.93303137198301289,0.90000000000000002,0.90000000000000002,
PN10,PN10-1.edf,760,preserved,760,False,0,,0.98961225252601803,0.90000000000000002,0.90000000000000002,
PN10,PN10-1.edf,790,preserved,790,False,0,,0.91769070776815531,0.90000000000000002,0.90000000000000002,
PN10,PN10-1.edf,845,preserved,845,False,0,,0.93354036124707518,0.90000000000000002,0.90000000000000002,
PN10,PN10-1.edf,900,preserved,900,False,0,,0.9087644184189333,0.90000000000000002,0.90000000000000002,
PN10,PN10-1.edf,985,preserved,985,False,0,,0.91776525250030871,0.90000000000000002,0.90000000000000002,
PN10,PN10-1.edf,1025,preserved,1025,False,0,,0.92708018619272914,0.90000000000000002,0.90000000000000002,
PN10,PN10-1.edf,1060,preserved,1060,False,0,,0.90870404919164571,0.90000000000000002,0.90000000000000002,
PN10,PN10-1.edf,1120,preserved,1120,False,0,,0.91687551385997212,0.90000000000000002,0.90000000000000002,
PN10,PN10-1.edf,1280,preserved,1280,False,0,,0.91107119256513502,0.90000000000000002,0.90000000000000002,
PN10,PN10-1.edf,1360,preserved,1360,False,0,,0.9076124682987593,0.90000000000000002,0.90000000000000002,
PN10,PN10-1.edf,1385,preserved,1385,False,0,,0.96193009044493072,0.90000000000000002,0.90000000000000002,
PN10,PN10-1.edf,1430,preserved,1430,False,0,,0.92002395518829849,0.90000000000000002,0.90000000000000002,
PN10,PN10-1.edf,1470,preserved,1470,False,0,,0.91535887871358923,0.90000000000000002,0.90000000000000002,
PN10,PN10-1.edf,1485,preserved,1485,False,0,,0.90739131133770423,0.90000000000000002,0.90000000000000002,
PN10,PN10-1.edf,1525,preserved,1525,False,0,,0.93015195084206581,0.90000000000000002,0.90000000000000002,
PN10,PN10-1.edf,1550,preserved,1550,False,0,,0.93684448403955856,0.90000000000000002,0.90000000000000002,
PN10,PN10-1.edf,1600,preserved,1600,False,0,,0.96668937055198756,0.90000000000000002,0.90000000000000002,
PN10,PN10-1.edf,1735,preserved,1735,False,0,,0.98320392345599406,0.90000000000000002,0.90000000000000002,
PN10,PN10-1.edf,1765,preserved,1765,False,0,,0.94515526471318767,0.90000000000000002,0.90000000000000002,
PN10,PN10-1.edf,1825,preserved,1825,False,0,,0.97631701804745619,0.90000000000000002,0.90000000000000002,
PN10,PN10-1.edf,1925,preserved,1925,False,0,,0.9238880876120773,0.90000000000000002,0.90000000000000002,
PN10,PN10-1.edf,1980,preserved,1980,False,0,,0.92851336012812868,0.90000000000000002,0.90000000000000002,
PN10,PN10-1.edf,2270,preserved,2270,False,0,,0.97520935638803086,0.90000000000000002,0.90000000000000002,
PN10,PN10-1.edf,2420,preserved,2420,False,0,,0.90645902163730718,0.90000000000000002,0.90000000000000002,
PN10,PN10-1.edf,2510,preserved,2510,False,0,,0.93736762219188596,0.90000000000000002,0.90000000000000002,
PN10,PN10-1.edf,2915,preserved,2915,False,0,,0.92575898651780997,0.90000000000000002,0.90000000000000002,
PN10,PN10-1.edf,4130,preserved,4130,False,0,,0.92670487222009346,0.90000000000000002,0.90000000000000002,
PN10,PN10-1.edf,4190,preserved,4190,True,0,0.2640566631791274,0.92756002464071208,0.90000000000000002,0.90000000000000002,
PN10,PN10-1.edf,4255,preserved,4255,False,0,,0.90959744489233574,0.90000000000000002,0.90000000000000002,
PN10,PN10-1.edf,4335,preserved,4335,False,0,,0.90362191640449696,0.90000000000000002,0.90000000000000002,
PN10,PN10-1.edf,4370,preserved,4370,False,0,,0.95780405464272078,0.90000000000000002,0.90000000000000002,
PN10,PN10-1.edf,4575,preserved,4575,False,0,,0.91882351727747713,0.90000000000000002,0.90000000000000002,
PN10,PN10-1.edf,4670,preserved,4670,False,0,,0.90284180626852917,0.90000000000000002,0.90000000000000002,
PN10,PN10-1.edf,4760,preserved,4760,False,0,,0.91451317164136237,0.90000000000000002,0.90000000000000002,
PN10,PN10-1.edf,5890,preserved,5890,False,0,,0.90494433543890129,0.90000000000000002,0.90000000000000002,
PN10,PN10-1.edf,6675,preserved,6675,False,0,,0.95861387490674244,0.90000000000000002,0.90000000000000002,
PN10,PN10-1.edf,6770,preserved,6770,False,0,,0.91007866479896415,0.90000000000000002,0.90000000000000002,
PN10,PN10-1.edf,6885,preserved,6885,False,0,,0.91406341633974519,0.90000000000000002,0.90000000000000002,
PN10,PN10-1.edf,6930,preserved,6930,False,0,,0.90497010249348198,0.90000000000000002,0.90000000000000002,
PN10,PN10-1.edf,6990,preserved,6990,False,0,,0.9105332591353329,0.90000000000000002,0.90000000000000002,
PN10,PN10-1.edf,7995,preserved,7995,False,0,,0.90401078996035944,0.90000000000000002,0.90000000000000002,
PN10,PN10-1.edf,8165,preserved,8165,False,0,,0.92271210332038223,0.90000000000000002,0.90000000000000002,
PN10,PN10-1.edf,8285,preserved,8285,False,0,,0.91326875850398193,0.90000000000000002,0.90000000000000002,
PN10,PN10-1.edf,8365,preserved,8365,False,0,,0.90003371551187972,0.90000000000000002,0.90000000000000002,
PN10,PN10-1.edf,8400,preserved,8400,False,0,,0.90734626846685762,0.90000000000000002,0.90000000000000002,
PN10,PN10-1.edf,8500,preserved,8500,False,0,,0.91675197758472926,0.90000000000000002,0.90000000000000002,
PN10,PN10-1.edf,8615,preserved,8615,False,0,,0.90618736460044547,0.90000000000000002,0.90000000000000002,
PN10,PN10-1.edf,8630,preserved,8630,False,0,,0.98900472645896687,0.90000000000000002,0.90000000000000002,
PN10,PN10-1.edf,8775,preserved,8775,False,0,,0.90029611428226319,0.90000000000000002,0.90000000000000002,
PN10,PN10-1.edf,8955,preserved,8955,False,0,,0.97328513903338265,0.90000000000000002,0.90000000000000002,
PN10,PN10-1.edf,9220,preserved,9220,False,0,,0.94578519038746911,0.90000000000000002,0.90000000000000002,
PN10,PN10-1.edf,9435,preserved,9435,False,0,,0.92995043669393795,0.90000000000000002,0.90000000000000002,
PN12,PN12-1.2.edf,1355,preserved,1355,True,0,0.9100377809306307,0.9829090105446282,0.94999999999999996,0.94999999999999996,41.286094613966824
PN12,PN12-1.2.edf,9610,preserved,9610,True,0,0.99660526638795599,0.9597568449710222,0.94999999999999996,0.94999999999999996,21.228033612705573
PN14,PN14-1.edf,4860,preserved,4860,True,0,0,0.90845866333673064,0.90000000000000002,0.90000000000000002,-7.9709512346577469
PN14,PN14-3.edf,21970,suppressed,,True,0.25,0.40331886623456642,0.63401365869038617,0.65000000000000002,0.69999999999999996,-1.0540848979769635
PN14,PN14-3.edf,27880,suppressed,,True,0.25,0.32375148708239215,0.63359565629638592,0.65000000000000002,0.69999999999999996,-1.0012675189222477
PN14,PN14-3.edf,28335,suppressed,,True,0.25,0.45829796855410154,0.64153339641548168,0.65000000000000002,0.69999999999999996,-0.22897776187654273
PN14,PN14-3.edf,28520,suppressed,,True,0.25,0.32215015011506803,0.6371864489890412,0.65000000000000002,0.69999999999999996,0.22897776187654273
PN14,PN14-3.edf,28615,preserved,28615,True,0.25,0.59878276833088606,0.73171771411123787,0.65000000000000002,0.69999999999999996,-0.22809622809622709
PN14,PN14-3.edf,32820,preserved,32820,True,0.25,0.35056497306638479,0.69009891910213483,0.65000000000000002,0.69999999999999996,1.317365269461078
PN14,PN14-3.edf,34135,preserved,34135,True,0.25,0.64595963476416818,0.73144085534281034,0.65000000000000002,0.69999999999999996,0.83168316831682887
PN14,PN14-3.edf,35505,preserved,35505,True,0.25,0.74537542597256812,0.73948361678460839,0.65000000000000002,0.69999999999999996,0.46062582588387357
