events,detected,overlap_detected,false_declarations,duplicate_declarations,total_declarations,active_alarm_s,raw_s,startup_s,uncertain_s,other_unavailable_s,evaluable_s,sensitivity,overlap_sensitivity,far_per_h,missed,matched_declarations,delay_n,delay_median_s,delay_q25_s,delay_q75_s,delay_min_s,delay_max_s,warning_fraction,longest_alarm_s,window_n,window_positive,average_precision,roc_auc,patient,model,test_file,alpha,threshold
1,1,1,1,0,2,70,2625,10,0,0,2615,1,1,1.3766730401529637,0,1,1,22,22,22,22,22,0.02676864244741874,60,523,14,0.78997727279082619,0.91720460286275629,PN00,F0,PN00-1.edf,0,0.80000000000000004
1,1,1,0,0,1,50,2302,10,0,0,2292,1,1,0,0,1,1,15,15,15,15,15,0.02181500872600349,50,459,11,0.83975468975468992,0.99066558441558439,PN00,F0,PN00-2.edf,0,0.90000000000000002
1,1,1,0,0,1,25,2102,10,0,0,2092,1,1,0,0,1,1,29,29,29,29,29,0.011950286806883365,25,419,14,0.84215853995827039,0.96296296296296291,PN00,F0,PN00-4.edf,0,0.84999999999999998
1,1,1,0,0,1,60,2143,10,0,0,2133,1,1,0,0,1,1,16,16,16,16,16,0.028129395218002812,60,427,14,0.89238006479385779,0.99221722587340022,PN00,F0,PN00-5.edf,0,0.90000000000000002
1,1,1,0,0,1,50,2625,10,0,0,2615,1,1,0,0,1,1,32,32,32,32,32,0.019120458891013385,50,523,14,0.69666696636460501,0.89404995790064556,PN00,F1,PN00-1.edf,0.5,0.80000000000000004
1,0,0,1,0,1,15,2302,10,0,0,2292,0,0,1.5706806282722514,1,0,0,,,,,,0.0065445026178010471,15,459,11,0.28702897523034898,0.95576298701298701,PN00,F1,PN00-2.edf,0.5,0.84999999999999998
1,0,0,0,0,0,0,2102,10,0,0,2092,0,0,0,1,0,0,,,,,,0,0,419,14,0.48111866998347413,0.91975308641975306,PN00,F1,PN00-4.edf,0.5,0.84999999999999998
1,1,1,0,0,1,20,2143,10,0,0,2133,1,1,0,0,1,1,61,61,61,61,61,0.0093764650726676051,20,427,14,0.65996912451294198,0.97578692493946728,PN00,F1,PN00-5.edf,0.5,0.80000000000000004
1,1,1,1,0,2,70,2625,10,0,0,2615,1,1,1.3766730401529637,0,1,1,22,22,22,22,22,0.02676864244741874,60,523,14,0.78997727279082619,0.91720460286275629,PN00,F2,PN00-1.edf,0,0.80000000000000004
1,1,1,0,0,1,50,2302,10,0,0,2292,1,1,0,0,1,1,15,15,15,15,15,0.02181500872600349,50,459,11,0.83975468975468992,0.99066558441558439,PN00,F2,PN00-2.edf,0,0.90000000000000002
1,1,1,0,0,1,25,2102,10,0,0,2092,1,1,0,0,1,1,29,29,29,29,29,0.011950286806883365,25,419,14,0.84215853995827039,0.96296296296296291,PN00,F2,PN00-4.edf,0,0.84999999999999998
1,1,1,0,0,1,60,2143,10,0,0,2133,1,1,0,0,1,1,16,16,16,16,16,0.028129395218002812,60,427,14,0.89238006479385779,0.99221722587340022,PN00,F2,PN00-5.edf,0,0.90000000000000002
1,1,1,1,1,2,55,2625,10,0,0,2615,1,1,1.3766730401529637,0,1,1,22,22,22,22,22,0.021032504780114723,45,523,14,0.76515629803251661,0.90422396856581533,PN00,F3,PN00-1.edf,,0.84999999999999998
1,1,1,1,0,2,80,2302,10,0,0,2292,1,1,1.5706806282722514,0,1,1,10,10,10,10,10,0.034904013961605584,65,459,11,0.84138867668279449,0.99107142857142871,PN00,F3,PN00-2.edf,,0.69999999999999996
1,1,1,0,0,1,25,2102,10,0,0,2092,1,1,0,0,1,1,29,29,29,29,29,0.011950286806883365,25,419,14,0.84777546054918307,0.95679012345679004,PN00,F3,PN00-4.edf,,0.84999999999999998
1,1,1,0,0,1,60,2143,10,0,0,2133,1,1,0,0,1,1,16,16,16,16,16,0.028129395218002812,60,427,14,0.87075698757763964,0.98893116568661354,PN00,F3,PN00-5.edf,,0.90000000000000002
1,1,1,0,0,1,20,9615,10,0,0,9605,1,1,0,0,1,1,42,42,42,42,42,0.0020822488287350338,20,1921,13,0.38197221711294554,0.88145057248830827,PN06,F0,PN06-1.edf,0,0.94999999999999996
1,1,1,1,1,2,30,12620,10,0,0,12610,1,1,0.28548770816812052,0,1,1,10,10,10,10,10,0.0023790642347343376,20,2522,14,0.59025928946947614,0.98385167464114831,PN06,F0,PN06-2.edf,0,0.94999999999999996
1,0,0,1,0,1,10,8180,10,0,0,8170,0,0,0.44063647490820074,1,0,0,,,,,,0.0012239902080783353,10,1634,9,0.059898363070856955,0.95364102564102582,PN06,F0,PN06-3.edf,0,0.94999999999999996
1,1,1,1,0,2,25,7025,10,0,0,7015,1,1,0.51318602993585172,0,1,1,41,41,41,41,41,0.0035637918745545262,15,1403,13,0.31926647169529648,0.95700055340343104,PN06,F0,PN06-4.edf,0,0.94999999999999996
1,0,0,1,0,1,10,6022,10,0,0,6012,0,0,0.59880239520958078,1,0,0,,,,,,0.00166333998669328,10,1203,9,0.055857150206302705,0.85794714312302256,PN06,F0,PN06-5.edf,0,0.94999999999999996
1,0,0,0,0,0,0,9615,10,0,0,9605,0,0,0,1,0,0,,,,,,0,0,1921,13,0.3864258460463163,0.85099177552007743,PN06,F1,PN06-1.edf,0.5,0.84999999999999998
1,1,1,7,0,8,115,12620,10,0,0,12610,1,1,1.9984139571768438,0,1,1,20,20,20,20,20,0.0091197462331482956,45,2522,14,0.47809164887024574,0.97935178856231497,PN06,F1,PN06-2.edf,0.5,0.69999999999999996
1,0,0,0,0,0,0,8180,10,0,0,8170,0,0,0,1,0,0,,,,,,0,0,1634,9,0.035416904556217911,0.91822222222222216,PN06,F1,PN06-3.edf,0.5,0.84999999999999998
1,1,1,1,0,2,30,7025,10,0,0,7015,1,1,0.51318602993585172,0,1,1,41,41,41,41,41,0.0042765502494654314,15,1403,13,0.38299018945582802,0.96618705035971231,PN06,F1,PN06-4.edf,0.5,0.75
1,0,0,0,0,0,0,6022,10,0,0,6012,0,0,0,1,0,0,,,,,,0,0,1203,9,0.082522543713748855,0.79462125442024945,PN06,F1,PN06-5.edf,0.5,0.90000000000000002
1,0,0,0,0,0,0,9615,10,0,0,9605,0,0,0,1,0,0,,,,,,0,0,1921,13,0.38521595875434789,0.86437671343331723,PN06,F2,PN06-1.edf,0.25,0.84999999999999998
1,1,1,1,1,2,30,12620,10,0,0,12610,1,1,0.28548770816812052,0,1,1,10,10,10,10,10,0.0023790642347343376,20,2522,14,0.59025928946947614,0.98385167464114831,PN06,F2,PN06-2.edf,0,0.94999999999999996
1,0,0,1,0,1,10,8180,10,0,0,8170,0,0,0.44063647490820074,1,0,0,,,,,,0.0012239902080783353,10,1634,9,0.053082082894866114,0.94564102564102559,PN06,F2,PN06-3.edf,0.25,0.80000000000000004
1,1,1,1,0,2,25,7025,10,0,0,7015,1,1,0.51318602993585172,0,1,1,41,41,41,41,41,0.0035637918745545262,15,1403,13,0.31926647169529648,0.95700055340343104,PN06,F2,PN06-4.edf,0,0.94999999999999996
1,0,0,0,0,0,0,6022,10,0,0,6012,0,0,0,1,0,0,,,,,,0,0,1203,9,0.077693877354753166,0.81983994044295549,PN06,F2,PN06-5.edf,0.25,0.90000000000000002
1,0,0,0,0,0,0,9615,10,0,0,9605,0,0,0,1,0,0,,,,,,0,0,1921,13,0.42591881650845237,0.94222706015158841,PN06,F3,PN06-1.edf,,0.90000000000000002
1,1,1,2,0,3,60,12620,10,0,0,12610,1,1,0.57097541633624105,0,1,1,20,20,20,20,20,0.0047581284694686752,40,2522,14,0.48981194464375183,0.97732968785600371,PN06,F3,PN06-2.edf,,0.80000000000000004
1,0,0,2,0,2,20,8180,10,0,0,8170,0,0,0.88127294981640147,1,0,0,,,,,,0.0024479804161566705,10,1634,9,0.064096885138944112,0.9545982905982906,PN06,F3,PN06-3.edf,,0.84999999999999998
1,1,1,2,0,3,55,7025,10,0,0,7015,1,1,1.0263720598717034,0,1,1,41,41,41,41,41,0.0078403421240199576,20,1403,13,0.29978382926406694,0.96258992805755395,PN06,F3,PN06-4.edf,,0.84999999999999998
1,0,0,1,0,1,15,6022,10,0,0,6012,0,0,0.59880239520958078,1,0,0,,,,,,0.0024950099800399202,15,1203,9,0.079076454720538841,0.85459705937092878,PN06,F3,PN06-5.edf,,0.94999999999999996
1,0,0,53,0,53,695,9982,10,0,0,9972,0,0,19.133574007220215,1,0,0,,,,,,0.069695146409947853,30,1995,14,0.0074576407872637713,0.47977212086247922,PN10,F0,PN10-1.edf,0,0.90000000000000002
1,0,0,0,0,0,0,8565,10,0,0,8555,0,0,0,1,0,0,,,,,,0,0,1711,3,0.18513071895424835,0.97248243559718961,PN10,F0,PN10-10.edf,0,1.01
1,0,0,0,0,0,0,8554,10,21,0,8523,0,0,0,1,0,0,,,,,,0,0,1705,6,0.039314627409020808,0.76898175397292523,PN10,F0,PN10-2.edf,0,1.01
1,1,1,0,0,1,10,8713,10,6,5,8692,1,1,0,0,1,1,50,50,50,50,50,0.0011504832029452369,10,1738,12,0.33563173452717815,0.96432020084974901,PN10,F0,PN10-3.edf,0,0.94999999999999996
3,0,0,0,0,0,0,16648,10,0,0,16638,0,0,0,3,0,0,,,,,,0,0,3328,17,0.22599471386510342,0.88373869632419566,PN10,F0,PN10-4.5.6.edf,0,1.01
3,0,0,0,0,0,0,14955,10,0,105,14840,0,0,0,3,0,0,,,,,,0,0,2968,17,0.21229786268599254,0.89397412641776464,PN10,F0,PN10-7.8.9.edf,0,1.01
1,0,0,52,0,52,675,9982,10,0,0,9972,0,0,18.772563176895307,1,0,0,,,,,,0.067689530685920582,25,1995,14,0.0073877834811757036,0.46960409605538334,PN10,F1,PN10-1.edf,0.5,0.69999999999999996
1,0,0,0,0,0,0,8565,10,0,0,8555,0,0,0,1,0,0,,,,,,0,0,1711,3,0.052940481560237986,0.84953161592505855,PN10,F1,PN10-10.edf,0.5,0.65000000000000002
1,0,0,2,0,2,30,8554,10,21,0,8523,0,0,0.84477296726504747,1,0,0,,,,,,0.0035198873636043647,15,1705,6,0.0069368214750673606,0.6057484794977438,PN10,F1,PN10-2.edf,0.5,0.65000000000000002
1,0,0,0,0,0,0,8713,10,6,5,8692,0,0,0,1,0,0,,,,,,0,0,1738,12,0.40782835981768917,0.98426033217458475,PN10,F1,PN10-3.edf,0.5,0.90000000000000002
3,2,2,9,0,11,135,16648,10,0,0,16638,0.66666666666666663,0.66666666666666663,1.9473494410385863,1,2,2,23,17,29,11,35,0.0081139560043274432,20,3328,17,0.22228549526650088,0.87794695045037041,PN10,F1,PN10-4.5.6.edf,0.5,0.5
3,1,1,10,0,11,145,14955,10,0,105,14840,0.33333333333333331,0.33333333333333331,2.4258760107816713,2,1,1,7,7,7,7,7,0.0097708894878706203,20,2968,17,0.060674572964122216,0.80136344609005927,PN10,F1,PN10-7.8.9.edf,0.5,0.55000000000000004
1,0,0,53,0,53,695,9982,10,0,0,9972,0,0,19.133574007220215,1,0,0,,,,,,0.069695146409947853,30,1995,14,0.0074576407872637713,0.47977212086247922,PN10,F2,PN10-1.edf,0,0.90000000000000002
1,0,0,0,0,0,0,8565,10,0,0,8555,0,0,0,1,0,0,,,,,,0,0,1711,3,0.18513071895424835,0.97248243559718961,PN10,F2,PN10-10.edf,0,1.01
1,0,0,0,0,0,0,8554,10,21,0,8523,0,0,0,1,0,0,,,,,,0,0,1705,6,0.0069368214750673606,0.6057484794977438,PN10,F2,PN10-2.edf,0.5,0.84999999999999998
1,1,1,0,0,1,10,8713,10,6,5,8692,1,1,0,0,1,1,50,50,50,50,50,0.0011504832029452369,10,1738,12,0.33563173452717815,0.96432020084974901,PN10,F2,PN10-3.edf,0,0.94999999999999996
3,0,0,0,0,0,0,16648,10,0,0,16638,0,0,0,3,0,0,,,,,,0,0,3328,17,0.22599471386510342,0.88373869632419566,PN10,F2,PN10-4.5.6.edf,0,1.01
3,1,1,2,0,3,45,14955,10,0,105,14840,0.33333333333333331,0.33333333333333331,0.48517520215633425,2,1,1,12,12,12,12,12,0.0030323450134770889,20,2968,17,0.17485788175333677,0.88219347379751645,PN10,F2,PN10-7.8.9.edf,0.25,0.80000000000000004
1,1,1,65,0,66,885,9982,10,0,0,9972,1,1,23.465703971119133,0,1,1,10,10,10,10,10,0.088748495788206982,25,1995,14,0.0095060755584468019,0.53025167664238837,PN10,F3,PN10-1.edf,,0.90000000000000002
1,0,0,0,0,0,0,8565,10,0,0,8555,0,0,0,1,0,0,,,,,,0,0,1711,3,0.059694487113841954,0.97033567525370801,PN10,F3,PN10-10.edf,,1.01
1,0,0,0,0,0,0,8554,10,21,0,8523,0,0,0,1,0,0,,,,,,0,0,1705,6,0.048566622169541725,0.8233274475181479,PN10,F3,PN10-2.edf,,1.01
1,0,0,0,0,0,0,8713,10,6,5,8692,0,0,0,1,0,0,,,,,,0,0,1738,12,0.41197403356766882,0.95717458478176909,PN10,F3,PN10-3.edf,,1.01
3,0,0,0,0,0,0,16648,10,0,0,16638,0,0,0,3,0,0,,,,,,0,0,3328,17,0.28753116330582923,0.90486257928118397,PN10,F3,PN10-4.5.6.edf,,1.01
3,0,0,0,0,0,0,14955,10,0,105,14840,0,0,0,3,0,0,,,,,,0,0,2968,17,0.071978730393170445,0.83182171547032913,PN10,F3,PN10-7.8.9.edf,,1.01
2,2,2,2,2,4,70,9774,10,0,0,9764,1,1,0.73740270380991402,0,2,2,21.5,19.75,23.25,18,25,0.0071691929537074971,35,1953,26,0.642378389317384,0.91915492395513154,PN12,F0,PN12-1.2.edf,0,0.94999999999999996
1,1,1,0,0,1,45,1989,10,0,0,1979,1,1,0,0,1,1,13,13,13,13,13,0.022738756947953513,45,396,19,0.67439303833005271,0.96830936758341479,PN12,F0,PN12-3.edf,0,0.84999999999999998
1,1,1,0,0,1,55,10194,10,0,0,10184,1,1,0,0,1,1,18,18,18,18,18,0.0054006284367635509,55,2037,12,0.86079764733640074,0.97148148148148139,PN12,F0,PN12-4.edf,0,0.90000000000000002
2,2,2,0,0,2,75,9774,10,0,0,9764,1,1,0,0,2,2,29,27,31,25,33,0.0076812781646866035,50,1953,26,0.58918036851786748,0.93082112490519342,PN12,F1,PN12-1.2.edf,0.5,0.75
1,1,1,0,0,1,30,1989,10,0,0,1979,1,1,0,0,1,1,33,33,33,33,33,0.015159171298635674,30,396,19,0.63261885702169751,0.95937456373028074,PN12,F1,PN12-3.edf,0.5,0.59999999999999998
1,1,1,0,0,1,40,10194,10,0,0,10184,1,1,0,0,1,1,33,33,33,33,33,0.003927729772191673,40,2037,12,0.71064143729706652,0.95559670781893002,PN12,F1,PN12-4.edf,0.5,0.65000000000000002
2,2,2,2,2,4,70,9774,10,0,0,9764,1,1,0.73740270380991402,0,2,2,21.5,19.75,23.25,18,25,0.0071691929537074971,35,1953,26,0.642378389317384,0.91915492395513154,PN12,F2,PN12-1.2.edf,0,0.94999999999999996
1,1,1,0,0,1,45,1989,10,0,0,1979,1,1,0,0,1,1,13,13,13,13,13,0.022738756947953513,45,396,19,0.67439303833005271,0.96830936758341479,PN12,F2,PN12-3.edf,0,0.84999999999999998
1,1,1,0,0,1,40,10194,10,0,0,10184,1,1,0,0,1,1,33,33,33,33,33,0.003927729772191673,40,2037,12,0.71064143729706652,0.95559670781893002,PN12,F2,PN12-4.edf,0.5,0.65000000000000002
2,2,2,5,2,7,155,9774,10,0,0,9764,1,1,1.8435067595247849,0,2,2,19,18.5,19.5,18,20,0.015874641540352313,50,1953,26,0.62238702500000831,0.92643008263143189,PN12,F3,PN12-1.2.edf,,0.75
1,1,1,0,0,1,45,1989,10,0,0,1979,1,1,0,0,1,1,13,13,13,13,13,0.022738756947953513,45,396,19,0.68562296124333244,0.96942621806505647,PN12,F3,PN12-3.edf,,0.80000000000000004
1,1,1,0,0,1,50,10194,10,0,0,10184,1,1,0,0,1,1,18,18,18,18,18,0.0049096622152395913,50,2037,12,0.86645313428401671,0.97115226337448557,PN12,F3,PN12-4.edf,,0.90000000000000002
1,0,0,1,0,1,10,7868,10,0,0,7858,0,0,0.45813184016289132,1,0,0,,,,,,0.0012725884448969204,10,1572,5,0.037677063108642661,0.83490746649649017,PN14,F0,PN14-1.edf,0,0.90000000000000002
1,0,0,0,0,0,0,9165,10,0,0,9155,0,0,0,1,0,0,,,,,,0,0,1831,3,0.031315380414233498,0.70113056163384391,PN14,F0,PN14-2.edf,0,0.94999999999999996
1,1,1,8,0,9,95,41995,10,0,0,41985,1,1,0.68595927116827438,0,1,1,30,30,30,30,30,0.0022627128736453497,15,8397,9,0.15839233713942427,0.63402744661686006,PN14,F0,PN14-3.edf,0,0.69999999999999996
1,0,0,0,0,0,0,14642,10,0,5,14627,0,0,0,1,0,0,,,,,,0,0,2926,17,0.23073020521934218,0.89737730774674951,PN14,F0,PN14-4.edf,0,1.01
1,0,0,0,0,0,0,7868,10,0,0,7858,0,0,0,1,0,0,,,,,,0,0,1572,5,0.0051404886197148249,0.61786853860880675,PN14,F1,PN14-1.edf,0.5,1.01
1,0,0,0,0,0,0,9165,10,0,0,9155,0,0,0,1,0,0,,,,,,0,0,1831,3,0.02214013574518793,0.77297592997811804,PN14,F1,PN14-2.edf,0.5,1.01
1,0,0,7,0,7,85,41995,10,0,0,41985,0,0,0.60021436227224012,1,0,0,,,,,,0.0020245325711563652,20,8397,9,0.0028078001879193494,0.5685900492767445,PN14,F1,PN14-3.edf,0.5,0.59999999999999998
1,0,0,0,0,0,0,14642,10,0,5,14627,0,0,0,1,0,0,,,,,,0,0,2926,17,0.27626843200515094,0.88063413746385455,PN14,F1,PN14-4.edf,0.5,1.01
1,0,0,1,0,1,10,7868,10,0,0,7858,0,0,0.45813184016289132,1,0,0,,,,,,0.0012725884448969204,10,1572,5,0.037677063108642661,0.83490746649649017,PN14,F2,PN14-1.edf,0,0.90000000000000002
1,0,0,0,0,0,0,9165,10,0,0,9155,0,0,0,1,0,0,,,,,,0,0,1831,3,0.031315380414233498,0.70113056163384391,PN14,F2,PN14-2.edf,0,0.94999999999999996
1,1,1,6,0,7,70,41995,10,0,0,41985,1,1,0.51446945337620575,0,1,1,35,35,35,35,35,0.0016672621174228892,10,8397,9,0.036962496447769756,0.60377258517458787,PN14,F2,PN14-3.edf,0.25,0.65000000000000002
1,0,0,0,0,0,0,14642,10,0,5,14627,0,0,0,1,0,0,,,,,,0,0,2926,17,0.23073020521934218,0.89737730774674951,PN14,F2,PN14-4.edf,0,1.01
1,0,0,4,0,4,60,7868,10,0,0,7858,0,0,1.8325273606515653,1,0,0,,,,,,0.0076355306693815222,30,1572,5,0.0075112339152718244,0.71659221442246324,PN14,F3,PN14-1.edf,,0.80000000000000004
1,0,0,8,0,8,130,9165,10,0,0,9155,0,0,3.1458219552157289,1,0,0,,,,,,0.014199890770071,35,1831,3,0.023645564849681094,0.69438366156090447,PN14,F3,PN14-2.edf,,0.75
1,0,0,4,0,4,40,41995,10,0,0,41985,0,0,0.34297963558413719,1,0,0,,,,,,0.00095272120995593666,10,8397,9,0.0026739107703165881,0.57353097016902443,PN14,F3,PN14-3.edf,,0.80000000000000004
1,0,0,0,0,0,0,14642,10,0,5,14627,0,0,0,1,0,0,,,,,,0,0,2926,17,0.10833093282754988,0.90601176875012635,PN14,F3,PN14-4.edf,,1.01
