patient,test_file,control,passed,decision_count,detected,false_declarations,evaluable_s
PN00,PN00-1.edf,NC1_alpha_zero,True,523,1,1,2615
PN00,PN00-1.edf,NC2_entire_ECG_outage,True,523,1,1,2615
PN00,PN00-1.edf,NC2_max_alpha_outage,True,523,1,1,2615
PN00,PN00-2.edf,NC1_alpha_zero,True,459,1,0,2292
PN00,PN00-2.edf,NC2_entire_ECG_outage,True,459,1,0,2292
PN00,PN00-2.edf,NC2_max_alpha_outage,True,459,1,0,2292
PN00,PN00-4.edf,NC1_alpha_zero,True,419,1,0,2092
PN00,PN00-4.edf,NC2_entire_ECG_outage,True,419,1,0,2092
PN00,PN00-4.edf,NC2_max_alpha_outage,True,419,1,0,2092
PN00,PN00-5.edf,NC1_alpha_zero,True,427,1,0,2133
PN00,PN00-5.edf,NC2_entire_ECG_outage,True,427,1,0,2133
PN00,PN00-5.edf,NC2_max_alpha_outage,True,427,1,0,2133
PN06,PN06-1.edf,NC1_alpha_zero,True,1921,1,0,9605
PN06,PN06-1.edf,NC2_entire_ECG_outage,True,1921,1,0,9605
PN06,PN06-1.edf,NC2_max_alpha_outage,True,1921,1,0,9605
PN06,PN06-2.edf,NC1_alpha_zero,True,2522,1,1,12610
PN06,PN06-2.edf,NC2_entire_ECG_outage,True,2522,1,1,12610
PN06,PN06-2.edf,NC2_max_alpha_outage,True,2522,1,1,12610
PN06,PN06-3.edf,NC1_alpha_zero,True,1634,0,1,8170
PN06,PN06-3.edf,NC2_entire_ECG_outage,True,1634,0,1,8170
PN06,PN06-3.edf,NC2_max_alpha_outage,True,1634,0,1,8170
PN06,PN06-4.edf,NC1_alpha_zero,True,1403,1,1,7015
PN06,PN06-4.edf,NC2_entire_ECG_outage,True,1403,1,1,7015
PN06,PN06-4.edf,NC2_max_alpha_outage,True,1403,1,1,7015
PN06,PN06-5.edf,NC1_alpha_zero,True,1203,0,1,6012
PN06,PN06-5.edf,NC2_entire_ECG_outage,True,1203,0,1,6012
PN06,PN06-5.edf,NC2_max_alpha_outage,True,1203,0,1,6012
PN10,PN10-1.edf,NC1_alpha_zero,True,1995,0,53,9972
PN10,PN10-1.edf,NC2_entire_ECG_outage,True,1995,0,53,9972
PN10,PN10-1.edf,NC2_max_alpha_outage,True,1995,0,53,9972
PN10,PN10-10.edf,NC1_alpha_zero,True,1711,0,0,8555
PN10,PN10-10.edf,NC2_entire_ECG_outage,True,1711,0,0,8555
PN10,PN10-10.edf,NC2_max_alpha_outage,True,1711,0,0,8555
PN10,PN10-2.edf,NC1_alpha_zero,True,1709,0,0,8523
PN10,PN10-2.edf,NC2_entire_ECG_outage,True,1709,0,0,8523
PN10,PN10-2.edf,NC2_max_alpha_outage,True,1709,0,0,8523
PN10,PN10-3.edf,NC1_alpha_zero,True,1741,1,0,8692
PN10,PN10-3.edf,NC2_entire_ECG_outage,True,1741,1,0,8692
PN10,PN10-3.edf,NC2_max_alpha_outage,True,1741,1,0,8692
PN10,PN10-4.5.6.edf,NC1_alpha_zero,True,3328,0,0,16638
PN10,PN10-4.5.6.edf,NC2_entire_ECG_outage,True,3328,0,0,16638
PN10,PN10-4.5.6.edf,NC2_max_alpha_outage,True,3328,0,0,16638
PN10,PN10-7.8.9.edf,NC1_alpha_zero,True,2989,0,0,14840
PN10,PN10-7.8.9.edf,NC2_entire_ECG_outage,True,2989,0,0,14840
PN10,PN10-7.8.9.edf,NC2_max_alpha_outage,True,2989,0,0,14840
PN12,PN12-1.2.edf,NC1_alpha_zero,True,1953,2,2,9764
PN12,PN12-1.2.edf,NC2_entire_ECG_outage,True,1953,2,2,9764
PN12,PN12-1.2.edf,NC2_max_alpha_outage,True,1953,2,2,9764
PN12,PN12-3.edf,NC1_alpha_zero,True,396,1,0,1979
PN12,PN12-3.edf,NC2_entire_ECG_outage,True,396,1,0,1979
PN12,PN12-3.edf,NC2_max_alpha_outage,True,396,1,0,1979
PN12,PN12-4.edf,NC1_alpha_zero,True,2037,1,0,10184
PN12,PN12-4.edf,NC2_entire_ECG_outage,True,2037,1,0,10184
PN12,PN12-4.edf,NC2_max_alpha_outage,True,2037,1,0,10184
PN14,PN14-1.edf,NC1_alpha_zero,True,1572,0,1,7858
PN14,PN14-1.edf,NC2_entire_ECG_outage,True,1572,0,1,7858
PN14,PN14-1.edf,NC2_max_alpha_outage,True,1572,0,1,7858
PN14,PN14-2.edf,NC1_alpha_zero,True,1831,0,0,9155
PN14,PN14-2.edf,NC2_entire_ECG_outage,True,1831,0,0,9155
PN14,PN14-2.edf,NC2_max_alpha_outage,True,1831,0,0,9155
PN14,PN14-3.edf,NC1_alpha_zero,True,8397,1,8,41985
PN14,PN14-3.edf,NC2_entire_ECG_outage,True,8397,1,8,41985
PN14,PN14-3.edf,NC2_max_alpha_outage,True,8397,1,8,41985
PN14,PN14-4.edf,NC1_alpha_zero,True,2927,0,0,14627
PN14,PN14-4.edf,NC2_entire_ECG_outage,True,2927,0,0,14627
PN14,PN14-4.edf,NC2_max_alpha_outage,True,2927,0,0,14627
