level,patient,test_file,eeg_detected,fusion_detected,delta_detected,eeg_missed,fusion_missed,delta_missed,eeg_false_declarations,fusion_false_declarations,delta_false_declarations,eeg_far_per_h,fusion_far_per_h,delta_far_per_h,eeg_delay_median_s,fusion_delay_median_s,delta_delay_median_s,eeg_warning_fraction,fusion_warning_fraction,delta_warning_fraction,eeg_longest_alarm_s,fusion_longest_alarm_s,delta_longest_alarm_s,eeg_evaluable_s,fusion_evaluable_s,delta_evaluable_s,far_change_pct,coverage_delta_pct
parent,PN00,PN00-1.edf,1,1,0,0,0,0,1,1,0,1.3766730401529637,1.3766730401529637,0,22,22,0,0.02676864244741874,0.02676864244741874,0,60,60,0,2615,2615,0,0,0
parent,PN00,PN00-2.edf,1,1,0,0,0,0,0,0,0,0,0,0,15,15,0,0.02181500872600349,0.02181500872600349,0,50,50,0,2292,2292,0,,0
parent,PN00,PN00-4.edf,1,1,0,0,0,0,0,0,0,0,0,0,29,29,0,0.011950286806883365,0.011950286806883365,0,25,25,0,2092,2092,0,,0
parent,PN00,PN00-5.edf,1,1,0,0,0,0,0,0,0,0,0,0,16,16,0,0.028129395218002812,0.028129395218002812,0,60,60,0,2133,2133,0,,0
parent,PN06,PN06-1.edf,1,0,-1,0,1,1,0,0,0,0,0,0,42,,,0.0020822488287350338,0,-0.0020822488287350338,20,0,-20,9605,9605,0,,0
parent,PN06,PN06-2.edf,1,1,0,0,0,0,1,1,0,0.28548770816812052,0.28548770816812052,0,10,10,0,0.0023790642347343376,0.0023790642347343376,0,20,20,0,12610,12610,0,0,0
parent,PN06,PN06-3.edf,0,0,0,1,1,0,1,1,0,0.44063647490820074,0.44063647490820074,0,,,,0.0012239902080783353,0.0012239902080783353,0,10,10,0,8170,8170,0,0,0
parent,PN06,PN06-4.edf,1,1,0,0,0,0,1,1,0,0.51318602993585172,0.51318602993585172,0,41,41,0,0.0035637918745545262,0.0035637918745545262,0,15,15,0,7015,7015,0,0,0
parent,PN06,PN06-5.edf,0,0,0,1,1,0,1,0,-1,0.59880239520958078,0,-0.59880239520958078,,,,0.00166333998669328,0,-0.00166333998669328,10,0,-10,6012,6012,0,-100,0
parent,PN10,PN10-1.edf,0,0,0,1,1,0,53,53,0,19.133574007220215,19.133574007220215,0,,,,0.069695146409947853,0.069695146409947853,0,30,30,0,9972,9972,0,0,0
parent,PN10,PN10-10.edf,0,0,0,1,1,0,0,0,0,0,0,0,,,,0,0,0,0,0,0,8555,8555,0,,0
parent,PN10,PN10-2.edf,0,0,0,1,1,0,0,0,0,0,0,0,,,,0,0,0,0,0,0,8523,8523,0,,0
parent,PN10,PN10-3.edf,1,1,0,0,0,0,0,0,0,0,0,0,50,50,0,0.0011504832029452369,0.0011504832029452369,0,10,10,0,8692,8692,0,,0
parent,PN10,PN10-4.5.6.edf,0,0,0,3,3,0,0,0,0,0,0,0,,,,0,0,0,0,0,0,16638,16638,0,,0
parent,PN10,PN10-7.8.9.edf,0,1,1,3,2,-1,0,2,2,0,0.48517520215633425,0.48517520215633425,,12,,0,0.0030323450134770889,0.0030323450134770889,0,20,20,14840,14840,0,,0
parent,PN12,PN12-1.2.edf,2,2,0,0,0,0,2,2,0,0.73740270380991402,0.73740270380991402,0,21.5,21.5,0,0.0071691929537074971,0.0071691929537074971,0,35,35,0,9764,9764,0,0,0
parent,PN12,PN12-3.edf,1,1,0,0,0,0,0,0,0,0,0,0,13,13,0,0.022738756947953513,0.022738756947953513,0,45,45,0,1979,1979,0,,0
parent,PN12,PN12-4.edf,1,1,0,0,0,0,0,0,0,0,0,0,18,33,15,0.0054006284367635509,0.003927729772191673,-0.0014728986645718778,55,40,-15,10184,10184,0,,0
parent,PN14,PN14-1.edf,0,0,0,1,1,0,1,1,0,0.45813184016289132,0.45813184016289132,0,,,,0.0012725884448969204,0.0012725884448969204,0,10,10,0,7858,7858,0,0,0
parent,PN14,PN14-2.edf,0,0,0,1,1,0,0,0,0,0,0,0,,,,0,0,0,0,0,0,9155,9155,0,,0
parent,PN14,PN14-3.edf,1,1,0,0,0,0,8,6,-2,0.68595927116827438,0.51446945337620575,-0.17148981779206862,30,35,5,0.0022627128736453497,0.0016672621174228892,-0.00059545075622246049,15,10,-5,41985,41985,0,-25,0
parent,PN14,PN14-4.edf,0,0,0,1,1,0,0,0,0,0,0,0,,,,0,0,0,0,0,0,14627,14627,0,,0
patient,PN00,,4,4,0,0,0,0,1,1,0,0.39421813403416556,0.39421813403416556,0,19,19,0,0.022448532632501093,0.022448532632501093,0,60,60,0,9132,9132,0,0,0
patient,PN06,,3,2,-1,2,3,1,4,3,-1,0.331705519211278,0.2487791394084585,-0.0829263798028195,41,25.5,-15.5,0.0021883350225744033,0.0014972818575509075,-0.0006910531650234958,20,20,0,43412,43412,0,-25,0
patient,PN10,,1,2,1,9,8,-1,53,55,2,2.8384409401963699,2.945551919071705,0.10711097887533505,50,31,-19,0.010487950014876525,0.011157393632847366,0.00066944361797084163,30,30,0,67220,67220,0,3.7735849056603987,0
patient,PN12,,4,4,0,0,0,0,2,2,0,0.32836229306334658,0.32836229306334658,0,18,21.5,3.5,0.0077529985862179046,0.0070689104756692664,-0.00068408811054863818,55,45,-10,21927,21927,0,0,0
patient,PN14,,1,1,0,3,3,0,9,7,-2,0.44006791171477078,0.34227504244482171,-0.097792869269949068,30,35,5,0.0014261460101867571,0.0010865874363327674,-0.00033955857385398972,15,10,-5,73625,73625,0,-22.222222222222221,0
pooled,,,13,13,0,14,14,0,69,68,-1,1.1536532352449422,1.1369336231399432,-0.01671961210499906,22,22,0,0.0059447509706663697,0.0058286425532705416,-0.00011610841739582815,60,60,0,215316,215316,0,-1.4492753623188359,0
