events,detected,overlap_detected,false_declarations,duplicate_declarations,total_declarations,active_alarm_s,raw_s,startup_s,uncertain_s,other_unavailable_s,evaluable_s,sensitivity,overlap_sensitivity,far_per_h,missed,matched_declarations,delay_n,delay_median_s,delay_q25_s,delay_q75_s,delay_min_s,delay_max_s,warning_fraction,longest_alarm_s,window_n,window_positive,average_precision,roc_auc,patient,model
4,4,4,1,0,5,205,9172,40,0,0,9132,1,1,0.39421813403416556,0,4,4,19,15.75,23.75,15,29,0.022448532632501093,60,1828,53,0.78991930546126476,0.95855434493754976,PN00,F0
4,2,2,1,0,3,85,9172,40,0,0,9132,0.5,0.5,0.39421813403416556,2,2,2,46.5,39.25,53.75,32,61,0.0093079281646955767,50,1828,53,0.50036873785287161,0.93922933829391442,PN00,F1
4,4,4,1,0,5,205,9172,40,0,0,9132,1,1,0.39421813403416556,0,4,4,19,15.75,23.75,15,29,0.022448532632501093,60,1828,53,0.78991930546126476,0.95855434493754976,PN00,F2
4,4,4,2,1,6,220,9172,40,0,0,9132,1,1,0.78843626806833111,0,4,4,19,14.5,23.75,10,29,0.024091108190976786,65,1828,53,0.78749521772401798,0.95345734786074943,PN00,F3
5,3,3,4,1,7,95,43462,50,0,0,43412,0.59999999999999998,0.59999999999999998,0.331705519211278,2,3,3,41,25.5,41.5,10,42,0.0021883350225744033,20,8683,58,0.25255583169764434,0.92102648675662169,PN06,F0
5,2,2,8,0,10,145,43462,50,0,0,43412,0.40000000000000002,0.40000000000000002,0.663411038422556,3,2,2,30.5,25.25,35.75,20,41,0.0033400902976135631,45,8683,58,0.20868489250602756,0.89138230884557723,PN06,F1
5,2,2,3,1,5,65,43462,50,0,0,43412,0.40000000000000002,0.40000000000000002,0.2487791394084585,3,2,2,25.5,17.75,33.25,10,41,0.0014972818575509075,20,8683,58,0.23827832160109769,0.91123238380809601,PN06,F2
5,2,2,7,0,9,150,43462,50,0,0,43412,0.40000000000000002,0.40000000000000002,0.58048465861973653,3,2,2,30.5,25.25,35.75,20,41,0.003455265825117479,40,8683,58,0.20173764060927948,0.92101249375312344,PN06,F3
10,1,1,53,0,54,705,67417,60,27,110,67220,0.10000000000000001,0.10000000000000001,2.8384409401963699,9,1,1,50,50,50,50,50,0.010487950014876525,30,13445,69,0.04172271135442087,0.84074223354829758,PN10,F0
10,3,3,73,0,76,985,67417,60,27,110,67220,0.29999999999999999,0.29999999999999999,3.9095507289497173,7,3,3,11,9,23,7,35,0.014653376971139541,25,13445,69,0.020210713937559799,0.76648637403786146,PN10,F1
10,2,2,55,0,57,750,67417,60,27,110,67220,0.20000000000000001,0.20000000000000001,2.945551919071705,8,2,2,31,21.5,40.5,12,50,0.011157393632847366,30,13445,69,0.037422584433796223,0.82412584078774009,PN10,F2
10,1,1,65,0,66,885,67417,60,27,110,67220,0.10000000000000001,0.10000000000000001,3.4811068134483785,9,1,1,10,10,10,10,10,0.013165724486759893,25,13445,69,0.035352230579218748,0.83744084148117326,PN10,F3
4,4,4,2,2,6,170,21957,30,0,0,21927,1,1,0.32836229306334658,0,4,4,18,16.75,19.75,13,25,0.0077529985862179046,55,4386,57,0.65594795453639698,0.94926708084602818,PN12,F0
4,4,4,0,0,4,145,21957,30,0,0,21927,1,1,0,0,4,4,33,31,33,25,33,0.0066128517353035068,50,4386,57,0.55598850352302176,0.94824784298468523,PN12,F1
4,4,4,2,2,6,155,21957,30,0,0,21927,1,1,0.32836229306334658,0,4,4,21.5,16.75,27,13,33,0.0070689104756692664,45,4386,57,0.61679757147218883,0.9400817821870453,PN12,F2
4,4,4,5,2,9,250,21957,30,0,0,21927,1,1,0.82090573265836642,0,4,4,18,16.75,18.5,13,20,0.011401468509143978,50,4386,57,0.65216796064710592,0.95339063760116405,PN12,F3
4,1,1,9,0,10,105,73670,40,0,5,73625,0.25,0.25,0.44006791171477078,3,1,1,30,30,30,30,30,0.0014261460101867571,15,14726,34,0.13071423400601503,0.76153789176983067,PN14,F0
4,0,0,7,0,7,85,73670,40,0,5,73625,0,0,0.34227504244482171,4,0,0,,,,,,0.0011544991511035654,20,14726,34,0.061998683987473165,0.71272781505741423,PN14,F1
4,1,1,7,0,8,80,73670,40,0,5,73625,0.25,0.25,0.34227504244482171,3,1,1,35,35,35,35,35,0.0010865874363327674,10,14726,34,0.12018371217565486,0.75809063756185835,PN14,F2
4,0,0,16,0,16,230,73670,40,0,5,73625,0,0,0.78234295415959254,4,0,0,,,,,,0.0031239388794567064,35,14726,34,0.01279865329559244,0.72021588379430179,PN14,F3
