eeg_threshold,alpha,threshold,f1_threshold,f3_threshold,reason,inner_eeg_detected,inner_eeg_events,inner_eeg_far,inner_eeg_delay,inner_fusion_detected,inner_fusion_far,inner_fusion_delay,common_events,common_delay_delta_s,patient,test_file,inner_support_json,train_files_json
0.80000000000000004,0,0.80000000000000004,0.80000000000000004,0.84999999999999998,no_eligible_nonzero_candidate,3,3,0,16,3,0,16,3,0,PN00,PN00-1.edf,"[{""validation_file"": ""PN00-2.edf"", ""train_files"": [""PN00-4.edf"", ""PN00-5.edf""]}, {""validation_file"": ""PN00-4.edf"", ""train_files"": [""PN00-2.edf"", ""PN00-5.edf""]}, {""validation_file"": ""PN00-5.edf"", ""train_files"": [""PN00-2.edf"", ""PN00-4.edf""]}]","[""PN00-2.edf"", ""PN00-4.edf"", ""PN00-5.edf""]"
0.90000000000000002,0,0.90000000000000002,0.84999999999999998,0.69999999999999996,no_eligible_nonzero_candidate,3,3,0,29,3,0,29,3,0,PN00,PN00-2.edf,"[{""validation_file"": ""PN00-1.edf"", ""train_files"": [""PN00-4.edf"", ""PN00-5.edf""]}, {""validation_file"": ""PN00-4.edf"", ""train_files"": [""PN00-1.edf"", ""PN00-5.edf""]}, {""validation_file"": ""PN00-5.edf"", ""train_files"": [""PN00-1.edf"", ""PN00-4.edf""]}]","[""PN00-1.edf"", ""PN00-4.edf"", ""PN00-5.edf""]"
0.84999999999999998,0,0.84999999999999998,0.84999999999999998,0.84999999999999998,no_eligible_nonzero_candidate,3,3,0,20,3,0,20,3,0,PN00,PN00-4.edf,"[{""validation_file"": ""PN00-1.edf"", ""train_files"": [""PN00-2.edf"", ""PN00-5.edf""]}, {""validation_file"": ""PN00-2.edf"", ""train_files"": [""PN00-1.edf"", ""PN00-5.edf""]}, {""validation_file"": ""PN00-5.edf"", ""train_files"": [""PN00-1.edf"", ""PN00-2.edf""]}]","[""PN00-1.edf"", ""PN00-2.edf"", ""PN00-5.edf""]"
0.90000000000000002,0,0.90000000000000002,0.80000000000000004,0.90000000000000002,no_eligible_nonzero_candidate,3,3,0,29,3,0,29,3,0,PN00,PN00-5.edf,"[{""validation_file"": ""PN00-1.edf"", ""train_files"": [""PN00-2.edf"", ""PN00-4.edf""]}, {""validation_file"": ""PN00-2.edf"", ""train_files"": [""PN00-1.edf"", ""PN00-4.edf""]}, {""validation_file"": ""PN00-4.edf"", ""train_files"": [""PN00-1.edf"", ""PN00-2.edf""]}]","[""PN00-1.edf"", ""PN00-2.edf"", ""PN00-4.edf""]"
0.94999999999999996,0.25,0.84999999999999998,0.84999999999999998,0.90000000000000002,protected_improvement,2,4,0.31946046676723755,25.5,2,0.10648682225574585,30.5,2,5,PN06,PN06-1.edf,"[{""validation_file"": ""PN06-2.edf"", ""train_files"": [""PN06-3.edf"", ""PN06-4.edf"", ""PN06-5.edf""]}, {""validation_file"": ""PN06-3.edf"", ""train_files"": [""PN06-2.edf"", ""PN06-4.edf"", ""PN06-5.edf""]}, {""validation_file"": ""PN06-4.edf"", ""train_files"": [""PN06-2.edf"", ""PN06-3.edf"", ""PN06-5.edf""]}, {""validation_file"": ""PN06-5.edf"", ""train_files"": [""PN06-2.edf"", ""PN06-3.edf"", ""PN06-4.edf""]}]","[""PN06-2.edf"", ""PN06-3.edf"", ""PN06-4.edf"", ""PN06-5.edf""]"
0.94999999999999996,0,0.94999999999999996,0.69999999999999996,0.80000000000000004,no_eligible_nonzero_candidate,2,4,0.46750211025258098,44,2,0.46750211025258098,44,2,0,PN06,PN06-2.edf,"[{""validation_file"": ""PN06-1.edf"", ""train_files"": [""PN06-3.edf"", ""PN06-4.edf"", ""PN06-5.edf""]}, {""validation_file"": ""PN06-3.edf"", ""train_files"": [""PN06-1.edf"", ""PN06-4.edf"", ""PN06-5.edf""]}, {""validation_file"": ""PN06-4.edf"", ""train_files"": [""PN06-1.edf"", ""PN06-3.edf"", ""PN06-5.edf""]}, {""validation_file"": ""PN06-5.edf"", ""train_files"": [""PN06-1.edf"", ""PN06-3.edf"", ""PN06-4.edf""]}]","[""PN06-1.edf"", ""PN06-3.edf"", ""PN06-4.edf"", ""PN06-5.edf""]"
0.94999999999999996,0.25,0.80000000000000004,0.84999999999999998,0.84999999999999998,protected_improvement,1,4,0.40860337097781058,16,2,0.40860337097781058,25.5,1,0,PN06,PN06-3.edf,"[{""validation_file"": ""PN06-1.edf"", ""train_files"": [""PN06-2.edf"", ""PN06-4.edf"", ""PN06-5.edf""]}, {""validation_file"": ""PN06-2.edf"", ""train_files"": [""PN06-1.edf"", ""PN06-4.edf"", ""PN06-5.edf""]}, {""validation_file"": ""PN06-4.edf"", ""train_files"": [""PN06-1.edf"", ""PN06-2.edf"", ""PN06-5.edf""]}, {""validation_file"": ""PN06-5.edf"", ""train_files"": [""PN06-1.edf"", ""PN06-2.edf"", ""PN06-4.edf""]}]","[""PN06-1.edf"", ""PN06-2.edf"", ""PN06-4.edf"", ""PN06-5.edf""]"
0.94999999999999996,0,0.94999999999999996,0.75,0.84999999999999998,no_eligible_nonzero_candidate,2,4,0.098909250762425474,23.5,2,0.098909250762425474,23.5,2,0,PN06,PN06-4.edf,"[{""validation_file"": ""PN06-1.edf"", ""train_files"": [""PN06-2.edf"", ""PN06-3.edf"", ""PN06-5.edf""]}, {""validation_file"": ""PN06-2.edf"", ""train_files"": [""PN06-1.edf"", ""PN06-3.edf"", ""PN06-5.edf""]}, {""validation_file"": ""PN06-3.edf"", ""train_files"": [""PN06-1.edf"", ""PN06-2.edf"", ""PN06-5.edf""]}, {""validation_file"": ""PN06-5.edf"", ""train_files"": [""PN06-1.edf"", ""PN06-2.edf"", ""PN06-3.edf""]}]","[""PN06-1.edf"", ""PN06-2.edf"", ""PN06-3.edf"", ""PN06-5.edf""]"
0.94999999999999996,0.25,0.90000000000000002,0.90000000000000002,0.94999999999999996,protected_improvement,2,4,0.48128342245989303,33,2,0.19251336898395721,30.5,2,-2.5,PN06,PN06-5.edf,"[{""validation_file"": ""PN06-1.edf"", ""train_files"": [""PN06-2.edf"", ""PN06-3.edf"", ""PN06-4.edf""]}, {""validation_file"": ""PN06-2.edf"", ""train_files"": [""PN06-1.edf"", ""PN06-3.edf"", ""PN06-4.edf""]}, {""validation_file"": ""PN06-3.edf"", ""train_files"": [""PN06-1.edf"", ""PN06-2.edf"", ""PN06-4.edf""]}, {""validation_file"": ""PN06-4.edf"", ""train_files"": [""PN06-1.edf"", ""PN06-2.edf"", ""PN06-3.edf""]}]","[""PN06-1.edf"", ""PN06-2.edf"", ""PN06-3.edf"", ""PN06-4.edf""]"
0.90000000000000002,0,0.90000000000000002,0.69999999999999996,0.90000000000000002,no_eligible_nonzero_candidate,5,9,0.69172722191168245,30,5,0.69172722191168245,30,5,0,PN10,PN10-1.edf,"[{""validation_file"": ""PN10-10.edf"", ""train_files"": [""PN10-2.edf"", ""PN10-3.edf"", ""PN10-4.5.6.edf"", ""PN10-7.8.9.edf""]}, {""validation_file"": ""PN10-2.edf"", ""train_files"": [""PN10-10.edf"", ""PN10-3.edf"", ""PN10-4.5.6.edf"", ""PN10-7.8.9.edf""]}, {""validation_file"": ""PN10-3.edf"", ""train_files"": [""PN10-10.edf"", ""PN10-2.edf"", ""PN10-4.5.6.edf"", ""PN10-7.8.9.edf""]}, {""validation_file"": ""PN10-4.5.6.edf"", ""train_files"": [""PN10-10.edf"", ""PN10-2.edf"", ""PN10-3.edf"", ""PN10-7.8.9.edf""]}, {""validation_file"": ""PN10-7.8.9.edf"", ""train_files"": [""PN10-10.edf"", ""PN10-2.edf"", ""PN10-3.edf"", ""PN10-4.5.6.edf""]}]","[""PN10-10.edf"", ""PN10-2.edf"", ""PN10-3.edf"", ""PN10-4.5.6.edf"", ""PN10-7.8.9.edf""]"
1.01,0,1.01,0.65000000000000002,1.01,no_eligible_nonzero_candidate,0,9,0,,0,0,,0,,PN10,PN10-10.edf,"[{""validation_file"": ""PN10-1.edf"", ""train_files"": [""PN10-2.edf"", ""PN10-3.edf"", ""PN10-4.5.6.edf"", ""PN10-7.8.9.edf""]}, {""validation_file"": ""PN10-2.edf"", ""train_files"": [""PN10-1.edf"", ""PN10-3.edf"", ""PN10-4.5.6.edf"", ""PN10-7.8.9.edf""]}, {""validation_file"": ""PN10-3.edf"", ""train_files"": [""PN10-1.edf"", ""PN10-2.edf"", ""PN10-4.5.6.edf"", ""PN10-7.8.9.edf""]}, {""validation_file"": ""PN10-4.5.6.edf"", ""train_files"": [""PN10-1.edf"", ""PN10-2.edf"", ""PN10-3.edf"", ""PN10-7.8.9.edf""]}, {""validation_file"": ""PN10-7.8.9.edf"", ""train_files"": [""PN10-1.edf"", ""PN10-2.edf"", ""PN10-3.edf"", ""PN10-4.5.6.edf""]}]","[""PN10-1.edf"", ""PN10-2.edf"", ""PN10-3.edf"", ""PN10-4.5.6.edf"", ""PN10-7.8.9.edf""]"
1.01,0.5,0.84999999999999998,0.65000000000000002,1.01,protected_improvement,0,9,0,,1,0,12,0,,PN10,PN10-2.edf,"[{""validation_file"": ""PN10-1.edf"", ""train_files"": [""PN10-10.edf"", ""PN10-3.edf"", ""PN10-4.5.6.edf"", ""PN10-7.8.9.edf""]}, {""validation_file"": ""PN10-10.edf"", ""train_files"": [""PN10-1.edf"", ""PN10-3.edf"", ""PN10-4.5.6.edf"", ""PN10-7.8.9.edf""]}, {""validation_file"": ""PN10-3.edf"", ""train_files"": [""PN10-1.edf"", ""PN10-10.edf"", ""PN10-4.5.6.edf"", ""PN10-7.8.9.edf""]}, {""validation_file"": ""PN10-4.5.6.edf"", ""train_files"": [""PN10-1.edf"", ""PN10-10.edf"", ""PN10-3.edf"", ""PN10-7.8.9.edf""]}, {""validation_file"": ""PN10-7.8.9.edf"", ""train_files"": [""PN10-1.edf"", ""PN10-10.edf"", ""PN10-3.edf"", ""PN10-4.5.6.edf""]}]","[""PN10-1.edf"", ""PN10-10.edf"", ""PN10-3.edf"", ""PN10-4.5.6.edf"", ""PN10-7.8.9.edf""]"
0.94999999999999996,0,0.94999999999999996,0.90000000000000002,1.01,no_eligible_nonzero_candidate,2,9,0.98414434117003824,23.5,2,0.98414434117003824,23.5,2,0,PN10,PN10-3.edf,"[{""validation_file"": ""PN10-1.edf"", ""train_files"": [""PN10-10.edf"", ""PN10-2.edf"", ""PN10-4.5.6.edf"", ""PN10-7.8.9.edf""]}, {""validation_file"": ""PN10-10.edf"", ""train_files"": [""PN10-1.edf"", ""PN10-2.edf"", ""PN10-4.5.6.edf"", ""PN10-7.8.9.edf""]}, {""validation_file"": ""PN10-2.edf"", ""train_files"": [""PN10-1.edf"", ""PN10-10.edf"", ""PN10-4.5.6.edf"", ""PN10-7.8.9.edf""]}, {""validation_file"": ""PN10-4.5.6.edf"", ""train_files"": [""PN10-1.edf"", ""PN10-10.edf"", ""PN10-2.edf"", ""PN10-7.8.9.edf""]}, {""validation_file"": ""PN10-7.8.9.edf"", ""train_files"": [""PN10-1.edf"", ""PN10-10.edf"", ""PN10-2.edf"", ""PN10-4.5.6.edf""]}]","[""PN10-1.edf"", ""PN10-10.edf"", ""PN10-2.edf"", ""PN10-4.5.6.edf"", ""PN10-7.8.9.edf""]"
1.01,0,1.01,0.5,1.01,no_eligible_nonzero_candidate,0,7,0,,0,0,,0,,PN10,PN10-4.5.6.edf,"[{""validation_file"": ""PN10-1.edf"", ""train_files"": [""PN10-10.edf"", ""PN10-2.edf"", ""PN10-3.edf"", ""PN10-7.8.9.edf""]}, {""validation_file"": ""PN10-10.edf"", ""train_files"": [""PN10-1.edf"", ""PN10-2.edf"", ""PN10-3.edf"", ""PN10-7.8.9.edf""]}, {""validation_file"": ""PN10-2.edf"", ""train_files"": [""PN10-1.edf"", ""PN10-10.edf"", ""PN10-3.edf"", ""PN10-7.8.9.edf""]}, {""validation_file"": ""PN10-3.edf"", ""train_files"": [""PN10-1.edf"", ""PN10-10.edf"", ""PN10-2.edf"", ""PN10-7.8.9.edf""]}, {""validation_file"": ""PN10-7.8.9.edf"", ""train_files"": [""PN10-1.edf"", ""PN10-10.edf"", ""PN10-2.edf"", ""PN10-3.edf""]}]","[""PN10-1.edf"", ""PN10-10.edf"", ""PN10-2.edf"", ""PN10-3.edf"", ""PN10-7.8.9.edf""]"
1.01,0.25,0.80000000000000004,0.55000000000000004,1.01,protected_improvement,0,7,0,,1,0,11,0,,PN10,PN10-7.8.9.edf,"[{""validation_file"": ""PN10-1.edf"", ""train_files"": [""PN10-10.edf"", ""PN10-2.edf"", ""PN10-3.edf"", ""PN10-4.5.6.edf""]}, {""validation_file"": ""PN10-10.edf"", ""train_files"": [""PN10-1.edf"", ""PN10-2.edf"", ""PN10-3.edf"", ""PN10-4.5.6.edf""]}, {""validation_file"": ""PN10-2.edf"", ""train_files"": [""PN10-1.edf"", ""PN10-10.edf"", ""PN10-3.edf"", ""PN10-4.5.6.edf""]}, {""validation_file"": ""PN10-3.edf"", ""train_files"": [""PN10-1.edf"", ""PN10-10.edf"", ""PN10-2.edf"", ""PN10-4.5.6.edf""]}, {""validation_file"": ""PN10-4.5.6.edf"", ""train_files"": [""PN10-1.edf"", ""PN10-10.edf"", ""PN10-2.edf"", ""PN10-3.edf""]}]","[""PN10-1.edf"", ""PN10-10.edf"", ""PN10-2.edf"", ""PN10-3.edf"", ""PN10-4.5.6.edf""]"
0.94999999999999996,0,0.94999999999999996,0.75,0.75,no_eligible_nonzero_candidate,2,2,0.29597961029351311,30.5,2,0.29597961029351311,30.5,2,0,PN12,PN12-1.2.edf,"[{""validation_file"": ""PN12-3.edf"", ""train_files"": [""PN12-4.edf""]}, {""validation_file"": ""PN12-4.edf"", ""train_files"": [""PN12-3.edf""]}]","[""PN12-3.edf"", ""PN12-4.edf""]"
0.84999999999999998,0,0.84999999999999998,0.59999999999999998,0.80000000000000004,no_eligible_nonzero_candidate,3,3,0,43,3,0,43,3,0,PN12,PN12-3.edf,"[{""validation_file"": ""PN12-1.2.edf"", ""train_files"": [""PN12-4.edf""]}, {""validation_file"": ""PN12-4.edf"", ""train_files"": [""PN12-1.2.edf""]}]","[""PN12-1.2.edf"", ""PN12-4.edf""]"
0.90000000000000002,0.5,0.65000000000000002,0.65000000000000002,0.90000000000000002,protected_improvement,3,3,0.91969684067103807,20,3,0.30656561355701267,20,3,0,PN12,PN12-4.edf,"[{""validation_file"": ""PN12-1.2.edf"", ""train_files"": [""PN12-3.edf""]}, {""validation_file"": ""PN12-3.edf"", ""train_files"": [""PN12-1.2.edf""]}]","[""PN12-1.2.edf"", ""PN12-3.edf""]"
0.90000000000000002,0,0.90000000000000002,1.01,0.80000000000000004,no_eligible_nonzero_candidate,2,3,0.05473869873948941,31,2,0.05473869873948941,31,2,0,PN14,PN14-1.edf,"[{""validation_file"": ""PN14-2.edf"", ""train_files"": [""PN14-3.edf"", ""PN14-4.edf""]}, {""validation_file"": ""PN14-3.edf"", ""train_files"": [""PN14-2.edf"", ""PN14-4.edf""]}, {""validation_file"": ""PN14-4.edf"", ""train_files"": [""PN14-2.edf"", ""PN14-3.edf""]}]","[""PN14-2.edf"", ""PN14-3.edf"", ""PN14-4.edf""]"
0.94999999999999996,0,0.94999999999999996,1.01,0.75,no_eligible_nonzero_candidate,2,3,0.11167985109353187,31,2,0.11167985109353187,31,2,0,PN14,PN14-2.edf,"[{""validation_file"": ""PN14-1.edf"", ""train_files"": [""PN14-3.edf"", ""PN14-4.edf""]}, {""validation_file"": ""PN14-3.edf"", ""train_files"": [""PN14-1.edf"", ""PN14-4.edf""]}, {""validation_file"": ""PN14-4.edf"", ""train_files"": [""PN14-1.edf"", ""PN14-3.edf""]}]","[""PN14-1.edf"", ""PN14-3.edf"", ""PN14-4.edf""]"
0.69999999999999996,0.25,0.65000000000000002,0.59999999999999998,0.80000000000000004,protected_improvement,1,3,0.91024020227560054,11,1,0.11378002528445007,11,1,0,PN14,PN14-3.edf,"[{""validation_file"": ""PN14-1.edf"", ""train_files"": [""PN14-2.edf"", ""PN14-4.edf""]}, {""validation_file"": ""PN14-2.edf"", ""train_files"": [""PN14-1.edf"", ""PN14-4.edf""]}, {""validation_file"": ""PN14-4.edf"", ""train_files"": [""PN14-1.edf"", ""PN14-2.edf""]}]","[""PN14-1.edf"", ""PN14-2.edf"", ""PN14-4.edf""]"
1.01,0,1.01,1.01,1.01,no_eligible_nonzero_candidate,0,3,0,,0,0,,0,,PN14,PN14-4.edf,"[{""validation_file"": ""PN14-1.edf"", ""train_files"": [""PN14-2.edf"", ""PN14-3.edf""]}, {""validation_file"": ""PN14-2.edf"", ""train_files"": [""PN14-1.edf"", ""PN14-3.edf""]}, {""validation_file"": ""PN14-3.edf"", ""train_files"": [""PN14-1.edf"", ""PN14-2.edf""]}]","[""PN14-1.edf"", ""PN14-2.edf"", ""PN14-3.edf""]"
